Date,Time (GMT),Highest,MHHW (ft),MHW (ft),MSL (ft),MTL (ft),MLW (ft),MLLW (ft),Lowest (ft),Inf
3/1/1914,0:00,4.501,3.53,NaN,2.881,NaN,NaN,2.07,1.001,0
4/1/1914,0:00,4.701,4.091,NaN,3.53,NaN,NaN,2.72,1.699,0
5/1/1914,0:00,5.699,4.76,NaN,4.199,NaN,NaN,3.291,2.402,0
6/1/1914,0:00,5,4.239,NaN,3.638,NaN,NaN,2.74,2.1,0
7/1/1914,0:00,4.4,3.891,NaN,3.31,NaN,NaN,2.369,1.699,0
8/1/1914,0:00,4.4,4.16,NaN,3.638,NaN,NaN,2.789,1.801,0
9/1/1914,0:00,5.299,4.482,NaN,4.019,NaN,NaN,3.32,2.598,0
10/1/1914,0:00,5.6,4.39,NaN,3.901,NaN,NaN,3.15,2.402,0
11/1/1914,0:00,5.098,4.36,NaN,3.78,NaN,NaN,2.969,1.401,0
12/1/1914,0:00,5.098,4.15,NaN,3.589,NaN,NaN,2.7,1.401,0
1/1/1915,0:00,4.6,3.701,NaN,3.091,NaN,NaN,2.129,0.4,0
2/1/1915,0:00,5.098,4.081,NaN,3.399,NaN,NaN,2.661,0.899,0
3/1/1915,0:00,5.098,3.862,NaN,3.219,NaN,NaN,2.359,0.699,0
4/1/1915,0:00,5,4.019,NaN,3.33,NaN,NaN,2.402,1.099,0
5/1/1915,0:00,5,4.301,NaN,3.589,NaN,NaN,2.589,1.601,0
6/1/1915,0:00,4.501,4.111,NaN,3.34,NaN,NaN,2.329,1.601,0
7/1/1915,0:00,4.6,4.101,NaN,3.409,NaN,NaN,2.402,2.001,0
8/1/1915,0:00,14.101,4.049,NaN,3.389,NaN,NaN,2.451,NaN,5
9/1/1915,0:00,5,4.482,NaN,3.891,NaN,NaN,3.081,2.799,5
10/1/1915,0:00,5.098,4.629,NaN,3.999,NaN,NaN,3.159,2.7,0
11/1/1915,0:00,4.8,4.111,NaN,3.409,NaN,NaN,2.441,0.699,0
12/1/1915,0:00,5.2,4.029,NaN,3.35,NaN,NaN,2.359,0.2,0
1/1/1916,0:00,5.098,4.199,NaN,3.54,NaN,NaN,2.612,1.201,0
6/1/1916,0:00,4.902,4.18,NaN,3.428,NaN,NaN,2.411,1.401,0
7/1/1916,0:00,5,3.881,NaN,3.209,NaN,NaN,2.231,1.499,0
8/1/1916,0:00,6.299,4.311,NaN,3.711,NaN,NaN,2.73,1.9,0
9/1/1916,0:00,5.098,4.491,NaN,3.891,NaN,NaN,3.081,2.5,0
10/1/1916,0:00,5.6,4.56,NaN,4.009,NaN,NaN,3.189,2.201,0
11/1/1916,0:00,5.2,4.291,NaN,3.579,NaN,NaN,2.69,1.201,0
12/1/1916,0:00,4.4,3.74,NaN,3.041,NaN,NaN,2.09,0.6,0
1/1/1917,0:00,4.199,3.579,NaN,2.861,NaN,NaN,1.89,1.001,0
2/1/1917,0:00,4.101,3.54,NaN,2.841,NaN,NaN,1.909,0.098,0
3/1/1917,0:00,4.501,3.99,NaN,3.35,NaN,NaN,2.402,0.899,0
4/1/1917,0:00,4.701,4.131,NaN,3.419,NaN,NaN,2.549,0.899,0
5/1/1917,0:00,5.299,4.268,NaN,3.599,NaN,NaN,2.7,2.001,0
6/1/1917,0:00,4.8,4.18,NaN,3.471,NaN,NaN,2.52,1.801,0
7/1/1917,0:00,4.6,3.862,NaN,3.159,NaN,NaN,2.149,1.201,0
8/1/1917,0:00,4.199,3.691,NaN,3.031,NaN,NaN,2.129,1.299,0
9/1/1917,0:00,5.098,4.331,NaN,3.75,NaN,NaN,2.969,2.201,0
10/1/1917,0:00,4.902,4.15,NaN,3.54,NaN,NaN,2.74,1.099,0
11/1/1917,0:00,4.199,3.55,NaN,2.89,NaN,NaN,2.001,0.699,0
12/1/1917,0:00,4.701,3.809,NaN,3.071,NaN,NaN,2.11,1.099,0
1/1/1918,0:00,4.6,3.419,NaN,2.589,NaN,NaN,1.591,0.2,0
2/1/1918,0:00,3.999,3.53,NaN,2.89,NaN,NaN,2.041,1.299,0
3/1/1918,0:00,4.199,3.701,NaN,3.11,NaN,NaN,2.3,1.699,0
4/1/1918,0:00,5.2,4.16,NaN,3.52,NaN,NaN,2.621,1.401,0
5/1/1918,0:00,5.299,4.482,NaN,3.862,NaN,NaN,2.949,2.3,0
6/1/1918,0:00,4.501,4.058,NaN,3.399,NaN,NaN,2.461,1.9,0
7/1/1918,0:00,4.6,3.921,NaN,3.31,NaN,NaN,2.451,1.801,0
8/1/1918,0:00,4.6,3.848,NaN,3.261,NaN,NaN,2.339,1.601,0
9/1/1918,0:00,4.8,4.15,NaN,3.589,NaN,NaN,2.822,2.1,0
10/1/1918,0:00,5.098,4.268,NaN,3.76,NaN,NaN,3.009,2.001,0
11/1/1918,0:00,5.2,4.111,NaN,3.428,NaN,NaN,2.539,0.2,0
12/1/1918,0:00,5.499,3.96,NaN,3.291,NaN,NaN,2.379,1.201,0
1/1/1919,0:00,4.6,3.76,NaN,3.1,NaN,NaN,2.201,0.499,0
2/1/1919,0:00,4.8,3.999,NaN,3.33,NaN,NaN,2.51,0.699,0
3/1/1919,0:00,4.902,4.229,NaN,3.629,NaN,NaN,2.89,1.499,0
4/1/1919,0:00,5.098,4.15,NaN,3.53,NaN,NaN,2.73,2.001,0
5/1/1919,0:00,5.299,4.341,NaN,3.629,NaN,NaN,2.671,1.9,0
6/1/1919,0:00,6.401,4.81,NaN,4.15,NaN,NaN,3.209,2.1,0
7/1/1919,0:00,4.4,4.058,NaN,3.442,NaN,NaN,2.612,1.801,0
8/1/1919,0:00,4.4,3.76,NaN,3.232,NaN,NaN,2.431,1.801,0
9/1/1919,0:00,12.001,4.931,NaN,4.419,NaN,NaN,3.681,3.1,0
10/1/1919,0:00,5.2,4.669,NaN,4.17,NaN,NaN,3.442,2.799,0
11/1/1919,0:00,5.4,4.649,NaN,4.131,NaN,NaN,3.36,2.5,0
12/1/1919,0:00,4.902,4.19,NaN,3.579,NaN,NaN,2.759,1.9,0
1/1/1920,0:00,4.8,4.131,NaN,3.52,NaN,NaN,2.661,1.699,0
2/1/1920,0:00,5.4,4.039,NaN,3.461,NaN,NaN,2.621,1.401,0
3/1/1920,0:00,4.902,3.901,NaN,3.241,NaN,NaN,2.431,0.801,0
4/1/1920,0:00,4.902,4.131,NaN,3.501,NaN,NaN,2.749,1.001,0
5/1/1920,0:00,5,4.268,NaN,3.671,NaN,NaN,2.841,2.3,0
6/1/1920,0:00,4.902,4.291,NaN,3.701,NaN,NaN,2.92,2.1,0
7/1/1920,0:00,4.8,4.101,NaN,3.51,NaN,NaN,2.7,2.1,0
8/1/1920,0:00,4.501,4.101,NaN,3.589,NaN,NaN,2.861,2.5,0
9/1/1920,0:00,5.4,4.219,NaN,3.711,NaN,NaN,3.051,2.3,0
10/1/1920,0:00,5.699,4.678,NaN,4.19,NaN,NaN,3.471,2.201,0
11/1/1920,0:00,6.001,4.281,NaN,3.609,NaN,NaN,2.822,1.601,0
12/1/1920,0:00,5.2,4.081,NaN,3.369,NaN,NaN,2.539,1.201,0
1/1/1921,0:00,4.8,3.97,NaN,3.428,NaN,NaN,2.749,1.499,0
2/1/1921,0:00,4.8,4.009,NaN,3.399,NaN,NaN,2.621,1.499,0
3/1/1921,0:00,5.801,4.731,NaN,4.199,NaN,NaN,3.51,2.598,0
4/1/1921,0:00,6.099,5.079,NaN,4.541,NaN,NaN,3.78,2.7,0
5/1/1921,0:00,5.801,5.089,NaN,4.491,NaN,NaN,3.74,2.999,0
6/1/1921,0:00,6.9,5.059,NaN,4.439,NaN,NaN,3.619,2.799,0
7/1/1921,0:00,5.299,4.409,NaN,3.819,NaN,NaN,2.999,2.3,0
8/1/1921,0:00,5.299,4.491,NaN,3.829,NaN,NaN,3.091,2.402,0
9/1/1921,0:00,5.299,4.78,NaN,4.331,NaN,NaN,3.72,3.301,0
10/1/1921,0:00,5.2,4.449,NaN,3.921,NaN,NaN,3.261,1.401,5
11/1/1921,0:00,4.6,4.049,NaN,3.451,NaN,NaN,2.7,1.601,0
12/1/1921,0:00,4.6,3.809,NaN,3.219,NaN,NaN,2.359,1.499,0
1/1/1922,0:00,5.299,3.921,NaN,3.301,NaN,NaN,2.53,0.299,0
2/1/1922,0:00,4.902,4.049,NaN,3.51,NaN,NaN,2.841,1.201,0
3/1/1922,0:00,5.2,4.058,NaN,3.491,NaN,NaN,2.73,1.201,0
4/1/1922,0:00,5.699,4.731,NaN,4.14,NaN,NaN,3.428,2.402,0
5/1/1922,0:00,5.499,4.59,NaN,3.93,NaN,NaN,3.14,2.3,0
6/1/1922,0:00,5.699,4.482,NaN,3.871,NaN,NaN,3.051,2.1,0
7/1/1922,0:00,4.4,4.058,NaN,3.471,NaN,NaN,2.68,2.1,0
8/1/1922,0:00,4.199,3.862,NaN,3.34,NaN,NaN,2.579,1.9,0
9/1/1922,0:00,5.4,4.511,NaN,4.039,NaN,NaN,3.36,2.598,0
10/1/1922,0:00,5,4.531,NaN,4.019,NaN,NaN,3.36,2.3,0
11/1/1922,0:00,5.299,4.541,NaN,4.029,NaN,NaN,3.35,2.402,0
12/1/1922,0:00,4.701,4.121,NaN,3.52,NaN,NaN,2.7,1.001,0
1/1/1923,0:00,4.501,3.95,NaN,3.379,NaN,NaN,2.612,1.699,0
2/1/1923,0:00,4.8,4.072,NaN,3.54,NaN,NaN,2.851,2.001,0
3/1/1923,0:00,5.699,4.39,NaN,3.789,NaN,NaN,3.041,1.499,0
4/1/1923,0:00,5.6,4.59,NaN,4.039,NaN,NaN,3.34,2.402,0
5/1/1923,0:00,5.899,4.741,NaN,4.17,NaN,NaN,3.428,2.001,0
6/1/1923,0:00,5.499,4.8,NaN,4.229,NaN,NaN,3.471,2.5,0
7/1/1923,0:00,5.098,4.131,NaN,3.54,NaN,NaN,2.789,1.9,0
8/1/1923,0:00,4.4,3.77,NaN,3.199,NaN,NaN,2.52,2.001,0
9/1/1923,0:00,5.098,4.18,NaN,3.72,NaN,NaN,3.1,2.598,0
10/1/1923,0:00,7.001,4.99,NaN,4.459,NaN,NaN,3.839,2.799,0
11/1/1923,0:00,5.299,4.249,NaN,3.711,NaN,NaN,2.949,2.001,0
12/1/1923,0:00,4.701,4.131,NaN,3.53,NaN,NaN,2.73,1.499,0
1/1/1924,0:00,5.098,4.17,NaN,3.53,NaN,NaN,2.72,1.299,0
2/1/1924,0:00,5,3.711,NaN,3.11,NaN,NaN,2.28,0.899,0
3/1/1924,0:00,5.699,4.14,NaN,3.501,NaN,NaN,2.799,1.401,0
4/1/1924,0:00,4.501,3.848,NaN,3.281,NaN,NaN,2.569,1.801,0
5/1/1924,0:00,4.301,3.839,NaN,3.209,NaN,NaN,2.451,1.699,0
6/1/1924,0:00,5,4.14,NaN,3.53,NaN,NaN,2.69,1.9,0
7/1/1924,0:00,4.6,4.101,NaN,3.53,NaN,NaN,2.72,1.9,0
8/1/1924,0:00,4.301,3.829,NaN,3.281,NaN,NaN,2.52,1.699,0
9/1/1924,0:00,5,4.419,NaN,3.98,NaN,NaN,3.32,2.5,0
10/1/1924,0:00,5.6,4.669,NaN,4.199,NaN,NaN,3.55,2.598,0
11/1/1924,0:00,4.8,4.039,NaN,3.481,NaN,NaN,2.7,1.401,0
12/1/1924,0:00,4.8,3.94,NaN,3.31,NaN,NaN,2.47,1.099,0
1/1/1925,0:00,4.6,3.638,NaN,3.051,NaN,NaN,2.231,1.401,0
2/1/1925,0:00,4.101,3.638,NaN,3.11,NaN,NaN,2.369,1.001,0
3/1/1925,0:00,4.8,3.95,NaN,3.409,NaN,NaN,2.73,1.9,0
4/1/1925,0:00,4.902,4.111,NaN,3.51,NaN,NaN,2.799,2.1,0
5/1/1925,0:00,4.701,4.101,NaN,3.51,NaN,NaN,2.749,2.3,0
6/1/1925,0:00,5.2,4.219,NaN,3.609,NaN,NaN,2.779,1.9,0
7/1/1925,0:00,4.301,3.75,NaN,3.1,NaN,NaN,2.178,1.401,0
8/1/1925,0:00,4.4,3.97,NaN,3.409,NaN,NaN,2.559,1.801,0
9/1/1925,0:00,5.299,4.409,NaN,3.848,NaN,NaN,3.11,2.5,0
10/1/1925,0:00,5.4,4.459,NaN,3.829,NaN,NaN,3.1,2.5,0
11/1/1925,0:00,5.299,4.511,NaN,4.009,NaN,NaN,3.251,1.601,0
12/1/1925,0:00,4.701,3.911,NaN,3.31,NaN,NaN,2.48,1.001,0
1/1/1926,0:00,4.701,3.78,NaN,3.11,NaN,NaN,2.231,0.899,0
2/1/1926,0:00,4.199,3.471,NaN,2.779,NaN,NaN,1.939,0.2,0
3/1/1926,0:00,5.2,3.95,NaN,3.379,NaN,NaN,2.612,1.201,0
4/1/1926,0:00,5.4,4.18,NaN,3.54,NaN,NaN,2.73,1.699,0
5/1/1926,0:00,5.299,4.131,NaN,3.461,NaN,NaN,2.598,1.9,0
6/1/1926,0:00,4.501,3.97,NaN,3.33,NaN,NaN,2.49,1.9,0
7/1/1926,0:00,4.301,3.809,NaN,3.209,NaN,NaN,2.388,1.601,0
8/1/1926,0:00,5.4,4.17,NaN,3.609,NaN,NaN,2.769,1.401,0
9/1/1926,0:00,5.2,4.629,NaN,4.17,NaN,NaN,3.481,2.999,0
10/1/1926,0:00,5.299,4.659,NaN,4.058,NaN,NaN,3.36,1.9,0
11/1/1926,0:00,4.902,4.081,NaN,3.409,NaN,NaN,2.641,0.6,0
12/1/1926,0:00,5,4.469,NaN,3.881,NaN,NaN,3.018,2.1,0
1/1/1927,0:00,4.701,4.072,NaN,3.442,NaN,NaN,2.579,1.299,0
2/1/1927,0:00,4.8,4.291,NaN,3.681,NaN,NaN,2.881,1.699,0
3/1/1927,0:00,5.299,4.229,NaN,3.661,NaN,NaN,2.831,1.099,0
4/1/1927,0:00,6.299,4.659,NaN,4.072,NaN,NaN,3.281,1.699,0
5/1/1927,0:00,5.6,4.639,NaN,4.009,NaN,NaN,3.209,2.5,0
6/1/1927,0:00,5.299,4.521,NaN,3.881,NaN,NaN,3.041,2.3,0
7/1/1927,0:00,4.701,4.301,NaN,3.72,NaN,NaN,2.89,2.201,0
8/1/1927,0:00,4.501,4.131,NaN,3.589,NaN,NaN,2.831,2.1,0
9/1/1927,0:00,5,4.439,NaN,3.921,NaN,NaN,3.241,2.3,0
10/1/1927,0:00,5.299,4.459,NaN,3.911,NaN,NaN,3.159,2.402,0
11/1/1927,0:00,5.098,4.459,NaN,3.848,NaN,NaN,3.051,2.402,0
12/1/1927,0:00,5.098,4.199,NaN,3.57,NaN,NaN,2.73,1.299,0
1/1/1928,0:00,4.4,3.789,NaN,3.14,NaN,NaN,2.26,1.499,0
2/1/1928,0:00,4.8,3.862,NaN,3.219,NaN,NaN,2.31,0.098,0
3/1/1928,0:00,4.4,3.839,NaN,3.232,NaN,NaN,2.421,1.299,0
4/1/1928,0:00,5.2,4.199,NaN,3.56,NaN,NaN,2.71,1.699,0
5/1/1928,0:00,5.2,4.239,NaN,3.619,NaN,NaN,2.789,1.499,0
6/1/1928,0:00,4.902,4.38,NaN,3.701,NaN,NaN,2.779,2.201,0
7/1/1928,0:00,4.4,3.99,NaN,3.379,NaN,NaN,2.47,1.499,0
8/1/1928,0:00,4.6,4.16,NaN,3.599,NaN,NaN,2.779,2.1,0
9/1/1928,0:00,5.6,4.902,NaN,4.39,NaN,NaN,3.711,3.1,0
10/1/1928,0:00,5.699,4.531,NaN,3.94,NaN,NaN,3.169,2.598,0
11/1/1928,0:00,5.499,4.331,NaN,3.671,NaN,NaN,2.779,2.1,0
12/1/1928,0:00,4.902,4.18,NaN,3.491,NaN,NaN,2.549,1.201,0
1/1/1929,0:00,5,4.121,NaN,3.491,NaN,NaN,2.641,1.401,0
2/1/1929,0:00,4.902,4.281,NaN,3.671,NaN,NaN,2.851,1.801,0
3/1/1929,0:00,5.4,4.439,NaN,3.799,NaN,NaN,3.031,1.099,0
4/1/1929,0:00,6.499,4.81,NaN,4.209,NaN,NaN,3.428,2.3,0
5/1/1929,0:00,5.4,4.78,NaN,4.199,NaN,NaN,3.389,2.5,0
6/1/1929,0:00,5.699,4.82,NaN,4.18,NaN,NaN,3.301,2.201,0
7/1/1929,0:00,5.499,4.669,NaN,4.101,NaN,NaN,3.219,2.201,0
8/1/1929,0:00,4.902,4.59,NaN,4.009,NaN,NaN,3.13,2.5,0
9/1/1929,0:00,5.899,5,NaN,4.439,NaN,NaN,3.671,2.9,0
3/1/1930,0:00,5,4.259,NaN,3.619,NaN,NaN,2.799,1.601,0
4/1/1930,0:00,5.299,4.331,NaN,3.73,NaN,NaN,2.94,2.201,0
5/1/1930,0:00,5.4,4.78,NaN,4.16,NaN,NaN,3.301,2.598,0
6/1/1930,0:00,5.299,4.439,NaN,3.799,NaN,NaN,2.9,1.299,0
7/1/1930,0:00,4.501,3.99,NaN,3.34,NaN,NaN,2.451,2.1,0
8/1/1930,0:00,5,4.199,NaN,3.579,NaN,NaN,2.7,1.9,0
9/1/1930,0:00,5.098,4.419,NaN,3.871,NaN,NaN,3.11,2.402,0
10/1/1930,0:00,5.899,4.81,NaN,4.239,NaN,NaN,3.52,2.402,0
11/1/1930,0:00,5.098,4.14,NaN,3.52,NaN,NaN,2.769,1.099,0
12/1/1930,0:00,5,3.848,NaN,3.189,NaN,NaN,2.27,1.299,0
1/1/1931,0:00,4.701,3.819,3.661,3.11,3.179,2.7,2.129,0.098,0
2/1/1931,0:00,5.2,4.091,3.96,3.419,3.491,3.018,2.51,1.201,0
3/1/1931,0:00,5.4,3.76,3.579,3.018,3.081,2.569,2.09,0,0
4/1/1931,0:00,4.6,4.058,3.881,3.34,3.419,2.959,2.461,1.601,0
5/1/1931,0:00,4.8,3.93,3.76,3.209,3.281,2.808,2.231,1.601,0
6/1/1931,0:00,5.2,4.058,3.891,3.34,3.442,2.989,2.388,1.699,0
7/1/1931,0:00,5.4,4.131,4.019,3.491,3.56,3.11,2.52,1.699,0
8/1/1931,0:00,4.701,4.091,3.999,3.52,3.579,3.169,2.68,1.699,0
9/1/1931,0:00,5,4.482,4.39,3.881,3.98,3.56,3.1,2.402,0
10/1/1931,0:00,5.4,4.731,4.619,4.121,4.209,3.799,3.34,2.1,0
11/1/1931,0:00,5.2,4.511,4.35,3.809,3.901,3.451,2.89,2.201,0
12/1/1931,0:00,5.299,4.331,4.17,3.638,3.73,3.291,2.74,1.801,0
1/1/1932,0:00,5.4,4.58,4.439,3.862,3.96,3.481,2.94,1.601,0
2/1/1932,0:00,5.499,4.649,4.541,4.019,4.101,3.652,3.15,2.001,0
3/1/1932,0:00,5.499,4.19,3.999,3.399,3.501,2.999,2.461,1.099,0
4/1/1932,0:00,5.2,4.19,3.999,3.451,3.55,3.1,2.631,0.098,0
5/1/1932,0:00,5.2,4.37,4.229,3.691,3.78,3.33,2.831,1.9,0
6/1/1932,0:00,5.2,4.37,4.219,3.661,3.77,3.32,2.72,1.699,0
7/1/1932,0:00,4.902,4.311,4.16,3.599,3.701,3.241,2.631,2.001,0
8/1/1932,0:00,8.1,4.551,4.39,3.848,3.95,3.51,3.018,2.201,0
9/1/1932,0:00,5.699,4.79,4.701,4.209,4.301,3.901,3.471,2.7,0
10/1/1932,0:00,5.2,4.56,4.439,3.93,4.019,3.599,3.12,1.699,0
11/1/1932,0:00,5,4.209,3.98,3.399,3.471,2.959,2.411,1.001,0
12/1/1932,0:00,4.8,4.36,4.209,3.661,3.76,3.31,2.74,0.6,0
1/1/1933,0:00,4.8,4.16,4.039,3.52,3.599,3.169,2.671,1.699,0
2/1/1933,0:00,5.4,4.459,4.291,3.78,3.839,3.399,2.969,0.4,0
3/1/1933,0:00,5.499,4.439,4.281,3.75,3.829,3.379,2.94,1.299,11
4/1/1933,0:00,5.499,4.639,4.482,3.901,4.039,3.589,3.081,0.499,0
5/1/1933,0:00,5.499,4.849,4.721,4.18,4.301,3.881,3.35,2.7,0
6/1/1933,0:00,5.098,4.531,4.39,3.829,3.96,3.53,2.969,2.1,0
7/1/1933,0:00,6.699,4.58,4.449,3.901,3.999,3.56,2.989,2.001,0
8/1/1933,0:00,7.001,4.701,4.639,4.14,4.219,3.789,3.261,2.402,0
9/1/1933,0:00,6.699,5.01,4.921,4.439,4.511,4.101,3.609,2.999,0
10/1/1933,0:00,5.6,4.849,4.731,4.291,4.35,3.97,3.54,2.402,0
11/1/1933,0:00,5.699,4.409,4.239,3.72,3.799,3.36,2.822,1.801,0
12/1/1933,0:00,5.2,4.16,3.99,3.451,3.54,3.091,2.52,1.201,0
1/1/1934,0:00,5.3,4.229,4.121,3.599,3.661,3.209,2.68,1.8,0
2/1/1934,0:00,4.8,4.019,3.891,3.369,3.442,2.979,2.52,1.299,0
3/1/1934,0:00,5.499,4.009,3.891,3.389,3.442,2.999,2.589,0.899,0
4/1/1934,0:00,5,4.281,4.14,3.661,3.701,3.261,2.822,2.201,0
5/1/1934,0:00,4.902,4.281,4.131,3.629,3.701,3.271,2.69,1.499,0
6/1/1934,0:00,5.499,4.268,4.14,3.629,3.701,3.261,2.69,1.601,0
7/1/1934,0:00,9.301,4.18,4.049,3.501,3.56,3.061,2.53,1.601,0
8/1/1934,0:00,5.299,4.17,4.058,3.54,3.619,3.179,2.641,1.801,0
9/1/1934,0:00,5,4.501,4.409,3.911,3.98,3.56,3.091,2.598,0
10/1/1934,0:00,5.098,4.669,4.531,4.058,4.121,3.72,3.271,2.5,0
11/1/1934,0:00,6.099,4.639,4.439,3.911,3.97,3.501,3.009,1.299,0
12/1/1934,0:00,5.4,4.101,3.911,3.369,3.442,2.979,2.431,0.299,0
1/1/1935,0:00,5,4.029,3.862,3.301,3.379,2.91,2.339,0.6,0
2/1/1935,0:00,5.1,3.999,3.871,3.32,3.379,2.9,2.461,1.3,0
3/1/1935,0:00,4.3,4.14,4.009,3.501,3.56,3.11,2.71,2.3,11
4/1/1935,0:00,5.2,4.19,4.049,3.53,3.589,3.13,2.72,1.601,0
5/1/1935,0:00,5.801,4.869,4.741,4.19,4.259,3.77,3.189,2.598,0
6/1/1935,0:00,5.299,4.639,4.531,3.999,4.081,3.638,3.071,2.7,0
7/1/1935,0:00,4.902,4.469,4.37,3.871,3.96,3.54,2.999,1.9,0
8/1/1935,0:00,5.098,4.229,4.18,3.73,3.789,3.399,2.989,2.3,0
9/1/1935,0:00,5.299,4.619,4.541,4.081,4.14,3.74,3.34,2.3,0
10/1/1935,0:00,5.801,4.902,4.79,4.341,4.4,4.009,3.56,2.9,0
11/1/1935,0:00,5.499,4.639,4.482,3.98,4.058,3.629,3.13,1.601,0
12/1/1935,0:00,5.699,4.311,4.15,3.619,3.681,3.219,2.72,1.499,0
1/1/1936,0:00,4.701,3.97,3.829,3.31,3.379,2.93,2.441,0.2,0
2/1/1936,0:00,4.8,4.259,4.16,3.638,3.711,3.261,2.799,1.499,0
3/1/1936,0:00,4.6,4.039,3.901,3.442,3.481,3.051,2.612,1.201,0
4/1/1936,0:00,5,4.19,3.999,3.51,3.56,3.11,2.69,1.9,0
5/1/1936,0:00,6.699,4.951,4.82,4.341,4.409,3.999,3.54,2.5,0
6/1/1936,0:00,5.098,4.8,4.659,4.14,4.219,3.78,3.209,2.5,0
7/1/1936,0:00,5.098,4.459,4.341,3.809,3.891,3.442,2.881,2.1,0
8/1/1936,0:00,5.098,4.6,4.541,4.049,4.131,3.72,3.281,2.3,0
9/1/1936,0:00,5.2,4.711,4.639,4.17,4.229,3.819,3.451,2.7,0
10/1/1936,0:00,5.2,4.649,4.541,4.072,4.131,3.72,3.281,2.7,0
11/1/1936,0:00,5,4.199,4.091,3.589,3.661,3.219,2.73,1.201,0
12/1/1936,0:00,4.8,4.19,4.039,3.51,3.579,3.12,2.569,1.201,0
1/1/1937,0:00,5,4.531,4.419,3.95,4.009,3.599,3.189,2.1,0
2/1/1937,0:00,5.6,4.619,4.482,3.99,4.058,3.629,3.199,1.9,0
3/1/1937,0:00,5.699,4.6,4.469,3.97,4.039,3.599,3.189,2.201,0
4/1/1937,0:00,5.098,4.4,4.281,3.78,3.829,3.379,2.94,2.001,0
5/1/1937,0:00,5,4.439,4.301,3.848,3.901,3.501,3.031,2.201,0
6/1/1937,0:00,5.098,4.501,4.37,3.881,3.94,3.52,3.031,2.402,0
7/1/1937,0:00,5.2,4.531,4.439,3.96,4.039,3.629,3.11,2.402,0
8/1/1937,0:00,4.902,4.491,4.429,3.94,4.009,3.589,3.12,2.402,0
9/1/1937,0:00,5.801,4.721,4.649,4.209,4.259,3.881,3.52,2.799,0
10/1/1937,0:00,6.299,4.82,4.678,4.219,4.281,3.871,3.53,2.1,0
11/1/1937,0:00,5.4,4.491,4.311,3.809,3.862,3.419,2.959,1.299,0
12/1/1937,0:00,5.4,4.249,4.072,3.53,3.609,3.15,2.641,1.201,0
1/1/1938,0:00,4.902,3.95,3.77,3.219,3.291,2.808,2.359,-0.899,0
2/1/1938,0:00,5.299,4.039,3.94,3.442,3.501,3.061,2.671,1.201,0
3/1/1938,0:00,5.098,4.551,4.429,3.98,4.019,3.619,3.32,2.5,0
4/1/1938,0:00,5.299,4.541,4.38,3.881,3.921,3.471,3.018,0,0
5/1/1938,0:00,6.499,4.849,4.669,4.17,4.209,3.75,3.232,2.402,0
6/1/1938,0:00,4.8,4.39,4.249,3.73,3.799,3.35,2.831,1.9,0
7/1/1938,0:00,4.6,4.17,4.081,3.579,3.638,3.199,2.74,2.3,0
8/1/1938,0:00,5.899,4.78,4.711,4.239,4.311,3.911,3.428,2.799,0
9/1/1938,0:00,6.001,4.8,4.731,4.301,4.35,3.97,3.579,3.199,0
10/1/1938,0:00,6.699,4.911,4.839,4.419,4.482,4.111,3.74,2.799,0
11/1/1938,0:00,6.299,4.629,4.419,3.93,3.96,3.51,3.091,1.201,0
12/1/1938,0:00,5.299,4.341,4.17,3.671,3.72,3.281,2.831,1.699,0
1/1/1939,0:00,5.098,4.14,3.97,3.451,3.51,3.051,2.569,0.801,0
2/1/1939,0:00,5.2,4.39,4.229,3.701,3.78,3.32,2.89,1.499,0
3/1/1939,0:00,5,4.4,4.268,3.789,3.839,3.409,3.031,2.201,0
4/1/1939,0:00,5.4,4.469,4.341,3.839,3.891,3.442,3.11,2.001,0
5/1/1939,0:00,5.299,4.531,4.39,3.911,3.95,3.51,3.071,2.402,0
6/1/1939,0:00,5.699,4.629,4.511,3.99,4.058,3.609,3.1,2.5,0
7/1/1939,0:00,5.499,4.199,4.072,3.55,3.619,3.159,2.69,1.699,0
8/1/1939,0:00,4.501,4.019,3.97,3.471,3.54,3.1,2.72,2.3,0
9/1/1939,0:00,5.098,4.491,4.4,3.96,3.999,3.609,3.291,2.402,0
10/1/1939,0:00,5.299,4.849,4.76,4.311,4.36,3.96,3.56,2.001,0
11/1/1939,0:00,5.699,4.629,4.501,4.029,4.091,3.681,3.261,2.201,0
12/1/1939,0:00,5.098,4.009,3.829,3.301,3.36,2.89,2.411,1.299,0
1/1/1940,0:00,5.801,3.75,3.55,2.949,3.031,2.51,2.09,0.499,0
2/1/1940,0:00,5.6,3.691,3.491,2.89,2.959,2.441,2.001,0.4,0
3/1/1940,0:00,4.8,3.94,3.819,3.32,3.36,2.9,2.49,0.899,0
4/1/1940,0:00,5.299,4.14,3.95,3.451,3.491,3.031,2.68,1.099,0
5/1/1940,0:00,4.701,4.19,4.029,3.52,3.56,3.1,2.71,1.499,0
6/1/1940,0:00,5.098,4.409,4.268,3.77,3.829,3.389,2.91,2.402,0
7/1/1940,0:00,4.6,4.239,4.131,3.609,3.681,3.219,2.71,1.9,0
8/1/1940,0:00,4.902,4.259,4.15,3.652,3.711,3.271,2.822,2.001,0
9/1/1940,0:00,6.299,4.97,4.879,4.459,4.501,4.131,3.799,2.9,0
10/1/1940,0:00,5.499,4.81,4.711,4.291,4.321,3.921,3.589,2.3,0
11/1/1940,0:00,6.201,4.76,4.619,4.17,4.19,3.76,3.35,2.201,0
12/1/1940,0:00,5.499,4.751,4.58,4.091,4.14,3.711,3.271,1.699,0
1/1/1941,0:00,4.902,4.321,4.219,3.76,3.799,3.379,2.959,2.001,0
2/1/1941,0:00,5.299,4.121,3.97,3.52,3.54,3.11,2.749,1.9,0
3/1/1941,0:00,5.801,4.111,3.97,3.481,3.54,3.1,2.769,1.401,0
4/1/1941,0:00,5.2,4.521,4.409,3.96,3.98,3.56,3.179,2.3,0
5/1/1941,0:00,5.4,4.721,4.59,4.14,4.19,3.789,3.36,2.201,0
6/1/1941,0:00,5.499,4.58,4.459,3.999,4.049,3.638,3.179,2.7,0
7/1/1941,0:00,4.902,4.341,4.249,3.789,3.848,3.451,3.018,2.5,0
8/1/1941,0:00,4.8,4.14,4.072,3.629,3.671,3.271,2.841,2.1,0
9/1/1941,0:00,9.101,5.62,5.509,5.089,5.141,4.77,4.409,2.999,0
10/1/1941,0:00,5.899,5.2,5.098,4.701,4.721,4.35,4.009,2.999,0
11/1/1941,0:00,5.801,4.678,4.551,4.081,4.14,3.72,3.301,1.9,0
12/1/1941,0:00,5.5,4.72,4.56,4.11,4.16,3.77,3.29,2.4,0
1/1/1942,0:00,5.098,4.14,3.94,3.461,3.501,3.071,2.641,1.201,0
2/1/1942,0:00,5.499,4.37,4.19,3.75,3.76,3.34,2.969,1.499,0
3/1/1942,0:00,5.299,4.029,3.881,3.399,3.419,2.969,2.559,0.4,0
4/1/1942,0:00,6.201,4.79,4.649,4.209,4.239,3.819,3.471,1.699,0
5/1/1942,0:00,5.499,4.879,4.751,4.301,4.341,3.93,3.481,2.799,0
6/1/1942,0:00,5.2,4.77,4.61,4.15,4.18,3.74,3.261,2.7,0
7/1/1942,0:00,5,4.57,4.459,3.999,4.049,3.638,3.14,2.598,0
8/1/1942,0:00,9.301,4.902,4.77,4.311,4.36,3.94,3.57,2.598,0
9/1/1942,0:00,5.699,5.112,5.01,4.58,4.639,4.259,3.891,2.999,0
10/1/1942,0:00,5.6,4.82,4.741,4.311,4.36,3.99,3.619,2.7,0
11/1/1942,0:00,5.299,4.81,4.669,4.219,4.301,3.921,3.53,2.3,0
12/1/1942,0:00,5.4,4.36,4.16,3.681,3.74,3.31,2.871,1.601,0
1/1/1943,0:00,6.201,4.259,4.111,3.589,3.661,3.209,2.759,1.699,0
2/1/1943,0:00,4.8,4.17,4.029,3.55,3.599,3.159,2.779,1.299,0
3/1/1943,0:00,5.299,4.57,4.459,3.99,4.039,3.619,3.32,1.601,0
4/1/1943,0:00,5.499,4.721,4.6,4.16,4.199,3.799,3.428,2.9,0
5/1/1943,0:00,5.699,4.941,4.79,4.331,4.38,3.96,3.589,2.799,0
6/1/1943,0:00,5.801,4.931,4.829,4.38,4.429,4.029,3.53,2.402,0
10/1/1943,0:00,6.001,4.888,4.79,4.39,4.439,4.091,3.74,3.1,0
11/1/1943,0:00,5.899,4.649,4.511,4.039,4.101,3.681,3.219,1.601,0
12/1/1943,0:00,5.801,4.482,4.311,3.819,3.881,3.461,3.018,1.801,0
1/1/1944,0:00,5.6,4.409,4.19,3.711,3.75,3.31,2.871,1.401,0
2/1/1944,0:00,5.699,4.469,4.321,3.819,3.871,3.451,3.018,1.9,0
3/1/1944,0:00,5.6,4.721,4.61,4.16,4.209,3.799,3.451,2.1,0
4/1/1944,0:00,5.899,4.99,4.888,4.429,4.482,4.072,3.711,2.7,0
5/1/1944,0:00,6.401,5.322,5.2,4.741,4.79,4.39,3.96,3.199,0
6/1/1944,0:00,5.6,5.039,4.921,4.491,4.551,4.18,3.701,2.999,0
7/1/1944,0:00,5.098,4.531,4.459,3.999,4.072,3.681,3.199,2.799,0
8/1/1944,0:00,5.4,4.58,4.482,4.019,4.091,3.691,3.241,2.598,0
9/1/1944,0:00,7.001,4.98,4.902,4.469,4.531,4.16,3.789,2.9,0
10/1/1944,0:00,5.299,4.82,4.76,4.36,4.419,4.081,3.74,3.1,0
11/1/1944,0:00,5.699,4.97,4.78,4.311,4.37,3.96,3.53,2.402,0
12/1/1944,0:00,6.099,4.209,4.039,3.54,3.589,3.13,2.612,1.099,0
1/1/1945,0:00,5.4,4.311,4.15,3.652,3.72,3.281,2.779,1.201,0
2/1/1945,0:00,4.8,4.268,4.16,3.681,3.74,3.32,2.94,1.601,0
3/1/1945,0:00,5.699,4.649,4.521,4.111,4.14,3.75,3.399,1.699,0
4/1/1945,0:00,6.601,5.41,5.289,4.82,4.859,4.429,4.039,2.7,0
5/1/1945,0:00,6.201,4.961,4.849,4.36,4.449,4.049,3.56,2.799,0
6/1/1945,0:00,6.401,5.089,4.98,4.511,4.56,4.15,3.691,2.9,0
7/1/1945,0:00,5.699,4.741,4.639,4.19,4.249,3.862,3.389,2.598,0
8/1/1945,0:00,6.499,5,4.911,4.439,4.521,4.121,3.629,2.7,0
9/1/1945,0:00,5.801,5.22,5.161,4.741,4.81,4.459,4.058,3.301,0
10/1/1945,0:00,6.201,5.331,5.22,4.82,4.879,4.531,4.14,2.1,0
11/1/1945,0:00,5.6,4.902,4.741,4.321,4.36,3.97,3.56,2.3,0
12/1/1945,0:00,5.801,4.511,4.321,3.848,3.901,3.471,3.081,1.201,0
1/1/1946,0:00,6.299,4.56,4.331,3.809,3.881,3.419,2.881,1.099,0
2/1/1946,0:00,5,4.409,4.301,3.848,3.901,3.501,3.1,0.64,0
3/1/1946,0:00,5.801,4.59,4.482,4.049,4.081,3.691,3.33,2.5,0
4/1/1946,0:00,5.098,4.531,4.429,3.98,4.039,3.652,3.271,2.598,0
5/1/1946,0:00,6.299,5.18,5.089,4.61,4.669,4.249,3.789,2.999,0
6/1/1946,0:00,6.001,5.19,5.089,4.61,4.692,4.291,3.701,2.5,0
7/1/1946,0:00,4.902,4.311,4.219,3.73,3.809,3.399,2.861,2.001,0
8/1/1946,0:00,5.098,4.521,4.439,4.019,4.072,3.701,3.261,2.799,0
9/1/1946,0:00,6.099,5.24,5.171,4.721,4.8,4.439,4.019,3.301,0
10/1/1946,0:00,6.601,5.43,5.341,4.911,4.98,4.619,4.219,3.301,0
11/1/1946,0:00,7.3,5.571,5.42,4.941,5.02,4.619,4.17,3.199,0
12/1/1946,0:00,6.099,4.911,4.77,4.321,4.39,4.009,3.53,2.001,0
1/1/1947,0:00,5.2,4.57,4.449,3.99,4.049,3.652,3.159,1.9,0
2/1/1947,0:00,5.098,4.38,4.229,3.76,3.799,3.379,2.93,1.499,0
3/1/1947,0:00,5.699,4.449,4.291,3.829,3.881,3.481,2.989,2.001,0
4/1/1947,0:00,5.6,4.731,4.619,4.18,4.219,3.819,3.379,2.598,0
5/1/1947,0:00,7.3,4.99,4.829,4.321,4.39,3.95,3.491,2.201,0
6/1/1947,0:00,6.001,4.869,4.751,4.301,4.36,3.97,3.419,2.799,0
7/1/1947,0:00,5.098,4.58,4.501,4.039,4.121,3.74,3.179,1.699,0
8/1/1947,0:00,6.601,5.089,5.01,4.56,4.619,4.239,3.76,2.9,0
9/1/1947,0:00,5.801,4.97,4.859,4.469,4.521,4.19,3.789,3.199,0
10/1/1947,0:00,6.001,5.03,4.951,4.521,4.6,4.239,3.829,3.1,0
11/1/1947,0:00,6.201,5.289,5.089,4.57,4.649,4.209,3.701,2.201,0
12/1/1947,0:00,6.299,4.941,4.741,4.239,4.321,3.891,3.379,1.9,0
1/1/1948,0:00,5.499,4.459,4.291,3.829,3.881,3.471,3.009,1.499,0
2/1/1948,0:00,5.699,4.541,4.419,3.95,4.009,3.599,3.11,1.699,0
3/1/1948,0:00,5.801,5.112,5.02,4.57,4.639,4.249,3.809,2.799,0
4/1/1948,0:00,6.201,5.089,5.01,4.551,4.619,4.239,3.76,2.9,0
5/1/1948,0:00,5.899,5,4.911,4.459,4.531,4.15,3.681,2.9,0
6/1/1948,0:00,5.098,4.721,4.6,4.121,4.209,3.819,3.291,2.201,0
7/1/1948,0:00,5.4,4.78,4.711,4.259,4.341,3.97,3.428,2.999,0
8/1/1948,0:00,5.899,4.849,4.78,4.311,4.4,4.019,3.501,2.799,0
9/1/1948,0:00,6.099,5.42,5.341,4.888,4.97,4.6,4.17,3.301,0
10/1/1948,0:00,5.6,5.269,5.18,4.76,4.829,4.482,4.058,3.501,0
11/1/1948,0:00,5.801,4.961,4.81,4.291,4.38,3.94,3.428,1.001,0
12/1/1948,0:00,5.299,4.639,4.482,3.97,4.058,3.629,3.071,1.201,0
1/1/1949,0:00,5.098,4.58,4.482,3.99,4.072,3.652,3.12,2.201,0
2/1/1949,0:00,5.4,4.869,4.78,4.321,4.39,4.009,3.56,2.402,0
3/1/1949,0:00,6.699,5.171,5.059,4.58,4.649,4.239,3.829,2.201,0
4/1/1949,0:00,5.801,4.869,4.751,4.259,4.331,3.911,3.451,2.3,0
5/1/1949,0:00,5.801,5.039,4.961,4.501,4.58,4.199,3.671,2.9,0
6/1/1949,0:00,5.499,4.951,4.859,4.37,4.469,4.072,3.501,2.999,0
7/1/1949,0:00,5.299,4.669,4.61,4.16,4.239,3.871,3.34,2.799,0
8/1/1949,0:00,5.098,4.6,4.551,4.081,4.16,3.77,3.251,2.3,0
9/1/1949,0:00,6.099,5.331,5.279,4.839,4.921,4.56,4.111,3.1,0
10/1/1949,0:00,8.799,5.791,5.669,5.2,5.269,4.879,4.409,2.598,0
11/1/1949,0:00,5.499,4.629,4.511,4.049,4.131,3.75,3.261,2.3,0
12/1/1949,0:00,6.001,5.098,4.97,4.501,4.57,4.18,3.671,2.5,0
1/1/1950,0:00,6.001,5.141,5.059,4.57,4.659,4.259,3.701,2.9,0
2/1/1950,0:00,6.099,4.879,4.8,4.35,4.4,4.009,3.55,2.201,0
3/1/1950,0:00,5.899,5.02,4.902,4.429,4.491,4.081,3.671,2.5,0
4/1/1950,0:00,6.299,5.24,5.141,4.678,4.751,4.36,3.901,3.1,0
5/1/1950,0:00,6.201,5.112,4.961,4.419,4.501,4.029,3.481,2.7,0
6/1/1950,0:00,6.401,4.961,4.839,4.341,4.419,3.999,3.399,2.201,0
7/1/1950,0:00,5.299,4.721,4.639,4.18,4.259,3.871,3.31,2.799,0
8/1/1950,0:00,6.401,4.941,4.902,4.469,4.551,4.199,3.78,2.999,0
9/1/1950,0:00,6.401,5.289,5.21,4.79,4.869,4.531,4.081,3.399,0
10/1/1950,0:00,6.699,5.299,5.249,4.81,4.879,4.511,4.049,3.301,0
11/1/1950,0:00,5.299,4.701,4.58,4.081,4.16,3.73,3.232,2.201,0
12/1/1950,0:00,5.2,4.551,4.4,3.901,3.98,3.55,2.989,1.699,0
1/1/1951,0:00,5.299,4.521,4.36,3.862,3.921,3.491,2.999,1.9,0
2/1/1951,0:00,5,4.38,4.311,3.809,3.901,3.481,3.018,1.801,0
3/1/1951,0:00,5.801,4.629,4.521,4.019,4.081,3.652,3.15,1.499,0
4/1/1951,0:00,5.2,4.56,4.4,3.95,3.99,3.579,3.081,1.9,0
5/1/1951,0:00,5.6,4.849,4.701,4.219,4.281,3.871,3.34,2.3,0
6/1/1951,0:00,5.098,4.659,4.521,4.009,4.091,3.661,3.061,2.1,0
7/1/1951,0:00,5,4.551,4.449,3.94,4.039,3.638,3.041,2.402,0
8/1/1951,0:00,5.299,4.58,4.482,3.999,4.091,3.701,3.159,2.402,0
9/1/1951,0:00,5.801,5.089,5,4.541,4.619,4.229,3.809,2.999,0
10/1/1951,0:00,5.801,5.18,5.079,4.639,4.721,4.36,3.911,3.1,0
11/1/1951,0:00,5.899,4.79,4.619,4.081,4.18,3.73,3.159,1.699,0
12/1/1951,0:00,5.899,4.961,4.78,4.249,4.311,3.848,3.281,1.401,0
1/1/1952,0:00,5.899,4.829,4.678,4.209,4.249,3.819,3.379,1.801,0
2/1/1952,0:00,6.099,4.619,4.419,3.96,4.009,3.609,3.15,1.9,0
3/1/1952,0:00,5.499,4.911,4.77,4.321,4.37,3.97,3.501,2.3,0
4/1/1952,0:00,5.499,4.619,4.491,4.019,4.091,3.681,3.179,2.001,0
5/1/1952,0:00,5.699,4.81,4.711,4.249,4.331,3.95,3.442,2.3,0
6/1/1952,0:00,5.699,4.701,4.61,4.14,4.229,3.848,3.31,2.598,0
7/1/1952,0:00,6.801,4.98,4.902,4.419,4.511,4.121,3.57,2.7,0
8/1/1952,0:00,5.801,4.619,4.551,4.058,4.15,3.75,3.199,2.7,0
9/1/1952,0:00,6.601,5.299,5.24,4.79,4.869,4.501,4.049,2.799,0
10/1/1952,0:00,5.2,4.692,4.61,4.15,4.219,3.829,3.389,2.799,0
11/1/1952,0:00,5.6,4.731,4.6,4.101,4.19,3.789,3.251,2.3,0
12/1/1952,0:00,5.098,4.6,4.449,3.93,4.009,3.57,3.018,1.299,0
1/1/1953,0:00,5.3,4.131,3.96,3.419,3.5,3.041,2.5,0.5,0
2/1/1953,0:00,5.3,4.6,4.491,3.97,4.049,3.599,3.14,2.1,0
3/1/1953,0:00,5.1,4.649,4.551,4.101,4.14,3.73,3.32,2.7,0
4/1/1953,0:00,6.6,4.951,4.81,4.331,4.4,3.99,3.501,2.6,0
5/1/1953,0:00,5.9,5.19,5.098,4.59,4.692,4.268,3.691,2.9,0
6/1/1953,0:00,6.2,5.2,5.098,4.61,4.692,4.291,3.72,3.1,0
7/1/1953,0:00,5.4,4.678,4.59,4.111,4.19,3.799,3.271,2.3,0
8/1/1953,0:00,5.7,4.741,4.639,4.199,4.249,3.871,3.379,2.5,0
9/1/1953,0:00,6.099,5.21,5.121,4.659,4.76,4.39,3.94,3.1,0
10/1/1953,0:00,5.899,5.089,5,4.57,4.629,4.259,3.839,2.7,0
11/1/1953,0:00,6.001,4.731,4.57,4.101,4.17,3.76,3.301,2.1,0
12/1/1953,0:00,5.899,4.58,4.4,3.891,3.97,3.53,2.959,1.499,0
1/1/1954,0:00,5,4.439,4.321,3.809,3.901,3.471,2.92,1.401,0
2/1/1954,0:00,5.098,4.259,4.18,3.72,3.78,3.379,2.91,2.001,0
3/1/1954,0:00,4.902,4.491,4.4,3.911,3.98,3.57,3.14,2.001,0
4/1/1954,0:00,5.899,4.659,4.551,4.111,4.15,3.75,3.31,2.001,0
5/1/1954,0:00,6.201,4.99,4.849,4.37,4.429,4.009,3.442,2.001,0
6/1/1954,0:00,5.2,4.659,4.56,4.072,4.16,3.75,3.14,2.1,0
7/1/1954,0:00,5,4.321,4.229,3.701,3.789,3.35,2.789,2.1,0
8/1/1954,0:00,5.299,4.511,4.449,3.999,4.081,3.701,3.241,2.598,0
9/1/1954,0:00,6.099,5.22,5.171,4.76,4.81,4.449,4.029,3.399,0
10/1/1954,0:00,6.099,5.19,5.079,4.639,4.678,4.291,3.862,2.3,0
11/1/1954,0:00,6.099,4.659,4.459,3.999,4.058,3.652,3.15,2.1,0
12/1/1954,0:00,5.299,4.029,3.891,3.409,3.451,3.009,2.48,1.099,0
1/1/1955,0:00,5,4.291,4.17,3.661,3.73,3.301,2.759,0.801,0
2/1/1955,0:00,6.001,4.61,4.511,4.019,4.081,3.652,3.179,1.699,0
3/1/1955,0:00,5.4,4.531,4.409,3.921,3.97,3.52,3.031,1.601,0
4/1/1955,0:00,5.6,4.859,4.741,4.281,4.331,3.93,3.51,2.7,0
5/1/1955,0:00,6.601,4.859,4.741,4.291,4.331,3.93,3.442,2.7,0
6/1/1955,0:00,5.499,4.8,4.721,4.239,4.331,3.93,3.399,2.9,0
7/1/1955,0:00,5.299,4.829,4.77,4.301,4.38,3.99,3.481,2.598,0
8/1/1955,0:00,5.4,4.701,4.649,4.199,4.268,3.891,3.419,2.7,0
9/1/1955,0:00,5.6,5.269,5.21,4.8,4.849,4.491,4.121,3.599,0
10/1/1955,0:00,6.001,5,4.902,4.459,4.521,4.14,3.711,2.799,0
11/1/1955,0:00,5.6,4.99,4.859,4.4,4.459,4.058,3.56,2.402,0
12/1/1955,0:00,6.001,4.639,4.511,3.999,4.049,3.599,3.081,1.9,0
1/1/1956,0:00,5.699,4.429,4.301,3.799,3.862,3.419,2.959,2.001,0
2/1/1956,0:00,5.299,4.482,4.38,3.911,3.96,3.54,3.15,2.201,0
3/1/1956,0:00,5.4,4.619,4.511,4.058,4.101,3.681,3.241,1.401,0
4/1/1956,0:00,5.801,4.879,4.731,4.239,4.281,3.839,3.369,1.601,11
5/1/1956,0:00,5.6,4.97,4.839,4.35,4.4,3.96,3.471,2.7,11
6/1/1956,0:00,5.699,4.849,4.741,4.268,4.341,3.93,3.419,2.1,0
7/1/1956,0:00,4.701,4.259,4.16,3.691,3.76,3.35,2.831,2.201,0
8/1/1956,0:00,4.902,4.541,4.469,3.97,4.039,3.619,3.14,2.598,0
9/1/1956,0:00,6.401,5.23,5.131,4.701,4.76,4.38,3.96,2.9,0
10/1/1956,0:00,5.6,5.059,4.951,4.541,4.56,4.18,3.848,2.799,0
11/1/1956,0:00,5.6,4.78,4.58,4.081,4.14,3.701,3.232,1.801,0
12/1/1956,0:00,5,4.16,4.019,3.55,3.579,3.15,2.621,1.099,0
1/1/1957,0:00,4.902,4.341,4.229,3.78,3.829,3.428,2.979,1.9,0
2/1/1957,0:00,6.299,4.639,4.531,4.072,4.111,3.701,3.35,2.5,0
3/1/1957,0:00,6.001,4.482,4.36,3.871,3.93,3.491,3.11,1.499,0
4/1/1957,0:00,5.801,5.059,4.941,4.501,4.541,4.14,3.74,2.3,0
5/1/1957,0:00,5.801,5.361,5.22,4.78,4.82,4.429,3.921,2.999,0
6/1/1957,0:00,9.8,5.561,5.371,4.879,4.931,4.501,3.999,2.9,0
7/1/1957,0:00,5.299,4.692,4.61,4.229,4.249,3.881,3.442,2.9,0
8/1/1957,0:00,5.801,4.902,4.839,4.429,4.491,4.14,3.701,2.9,0
9/1/1957,0:00,6.201,5.371,5.299,4.888,4.931,4.57,4.199,3.599,0
10/1/1957,0:00,6.699,5.341,5.259,4.859,4.911,4.56,4.219,2.9,0
11/1/1957,0:00,6.401,5.322,5.161,4.711,4.77,4.38,3.99,2.1,0
12/1/1957,0:00,5.4,4.619,4.429,3.94,3.99,3.55,3.14,1.601,0
1/1/1958,0:00,6.299,4.678,4.61,3.999,4.111,3.609,3.15,1.699,0
2/1/1958,0:00,5.299,4.482,4.331,3.809,3.881,3.428,2.999,1.499,0
3/1/1958,0:00,5.4,4.56,4.469,4.029,4.072,3.671,3.281,2.5,0
4/1/1958,0:00,5.699,4.79,4.692,4.239,4.281,3.881,3.51,2.799,0
5/1/1958,0:00,5.6,4.879,4.78,4.36,4.4,4.019,3.56,2.3,0
6/1/1958,0:00,5.499,4.961,4.839,4.409,4.459,4.091,3.599,2.999,0
7/1/1958,0:00,5.2,4.82,4.741,4.331,4.39,4.04,3.57,2.799,0
8/1/1958,0:00,5.098,4.629,4.56,4.16,4.219,3.871,3.491,2.9,0
9/1/1958,0:00,7.201,5.65,5.581,5.19,5.22,4.849,4.56,3.701,0
10/1/1958,0:00,6.499,5.65,5.561,5.18,5.22,4.888,4.541,3.901,0
11/1/1958,0:00,5.699,5.22,5.121,4.701,4.76,4.39,3.97,2.799,0
12/1/1958,0:00,5.2,4.678,4.56,4.131,4.16,3.75,3.31,2.001,0
1/1/1959,0:00,5.499,4.6,4.419,3.98,3.999,3.579,3.15,1.801,0
2/1/1959,0:00,5.299,4.77,4.692,4.219,4.259,3.829,3.442,2.598,0
3/1/1959,0:00,5.299,4.649,4.511,4.029,4.049,3.589,3.199,1.499,0
4/1/1959,0:00,5.499,4.911,4.78,4.341,4.39,3.99,3.589,2.5,0
5/1/1959,0:00,5.899,5.269,5.171,4.731,4.77,4.37,3.93,3.199,0
6/1/1959,0:00,5.801,5.141,5.03,4.6,4.649,4.281,3.78,3.199,0
7/1/1959,0:00,6.299,4.859,4.76,4.311,4.37,3.98,3.501,2.598,0
8/1/1959,0:00,6.201,5.112,5.039,4.619,4.639,4.249,3.839,2.999,0
9/1/1959,0:00,6.099,5.24,5.171,4.81,4.829,4.501,4.19,3.301,0
10/1/1959,0:00,6.099,5.269,5.21,4.8,4.839,4.469,4.15,3.301,0
11/1/1959,0:00,5.6,4.82,4.649,4.19,4.249,3.848,3.442,1.801,0
12/1/1959,0:00,6.499,4.711,4.491,4.009,4.081,3.671,3.209,1.9,0
1/1/1960,0:00,6.001,4.721,4.56,4.111,4.14,3.72,3.291,1.601,0
2/1/1960,0:00,5.6,4.669,4.521,4.009,4.039,3.55,3.241,1.001,0
3/1/1960,0:00,5.499,4.57,4.491,4.072,4.121,3.76,3.409,2.402,0
4/1/1960,0:00,5.899,4.78,4.659,4.219,4.249,3.839,3.471,2.598,0
5/1/1960,0:00,5.6,4.849,4.731,4.291,4.301,3.881,3.491,2.1,0
6/1/1960,0:00,5.801,4.869,4.77,4.321,4.38,3.99,3.52,2.799,0
7/1/1960,0:00,5,4.692,4.61,4.19,4.239,3.862,3.399,2.9,0
8/1/1960,0:00,5.499,5.049,4.97,4.501,4.58,4.18,3.77,2.999,0
9/1/1960,0:00,5.801,5.269,5.19,4.76,4.82,4.439,4.091,3.199,0
10/1/1960,0:00,6.001,5.121,5,4.58,4.619,4.229,3.881,2.999,0
11/1/1960,0:00,5.699,5.039,4.902,4.449,4.521,4.131,3.73,2.999,0
12/1/1960,0:00,6.299,5.02,4.849,4.36,4.439,4.039,3.661,1.601,0
1/1/1961,0:00,5.299,4.521,4.35,3.848,3.921,3.491,3.018,1.601,0
2/1/1961,0:00,5.499,4.57,4.439,3.999,4.039,3.629,3.35,1.001,0
3/1/1961,0:00,5.6,4.839,4.741,4.341,4.35,3.96,3.619,1.801,0
4/1/1961,0:00,5.699,4.76,4.56,4.17,4.17,3.78,3.451,2.001,0
5/1/1961,0:00,5.801,5.089,4.941,4.482,4.511,4.081,3.619,3.1,0
6/1/1961,0:00,6.601,4.911,4.79,4.37,4.38,3.97,3.428,2.9,0
7/1/1961,0:00,5.499,5.039,4.941,4.501,4.56,4.18,3.701,3.199,0
8/1/1961,0:00,5.801,5.112,5.049,4.649,4.701,4.341,3.97,2.999,0
9/1/1961,0:00,12.7,6.391,6.26,5.801,5.879,5.489,4.879,3.799,0
10/1/1961,0:00,6.001,5.361,5.299,4.879,4.941,4.58,4.199,3.701,0
11/1/1961,0:00,6.801,5.4,5.22,4.8,4.839,4.469,4.049,2.3,0
12/1/1961,0:00,6.099,5.03,4.859,4.459,4.482,4.111,3.701,2.3,0
1/1/1962,0:00,5.098,4.259,4.19,3.701,3.74,3.281,2.851,-0.2,0
2/1/1962,0:00,5.699,4.78,4.659,4.209,4.239,3.819,3.442,2.3,0
3/1/1962,0:00,6.201,4.961,4.879,4.4,4.419,3.95,3.681,2.402,0
4/1/1962,0:00,6.499,5.059,4.951,4.429,4.482,4.009,3.701,3.199,0
5/1/1962,0:00,6.299,5.098,5.098,4.521,4.619,4.131,3.74,2.9,0
6/1/1962,0:00,5.801,5.059,4.99,4.482,4.482,3.96,3.609,3.1,0
7/1/1962,0:00,5.2,4.541,4.469,3.97,3.999,3.52,3.12,2.5,0
8/1/1962,0:00,5.699,4.829,4.8,4.331,4.409,4.019,3.609,2.9,0
9/1/1962,0:00,5.699,5.24,5.21,4.78,4.76,4.311,4.111,3.501,0
10/1/1962,0:00,5.499,5.049,4.97,4.531,4.531,4.091,3.839,3.1,0
11/1/1962,0:00,6.299,4.79,4.692,4.239,4.259,3.819,3.461,1.699,0
12/1/1962,0:00,5.4,4.629,4.551,4.058,4.058,3.57,3.209,2.1,0
1/1/1963,0:00,5.2,4.619,4.491,4.019,4.058,3.638,3.271,1.9,0
2/1/1963,0:00,5.499,4.409,4.249,3.72,3.77,3.291,2.92,1.801,0
3/1/1963,0:00,5.299,4.619,4.551,4.049,4.081,3.619,3.261,2.1,0
4/1/1963,0:00,5.499,4.931,4.77,4.321,4.341,3.911,3.53,2.7,0
5/1/1963,0:00,5.499,4.77,4.711,4.15,4.219,3.72,3.369,2.799,0
6/1/1963,0:00,5.299,4.76,4.692,4.15,4.17,3.652,3.34,2.5,0
7/1/1963,0:00,5,4.61,4.531,4.029,3.999,3.471,3.199,2.799,0
8/1/1963,0:00,5,4.511,4.469,3.96,3.98,3.491,3.15,2.3,0
9/1/1963,0:00,8.599,5.39,5.269,4.78,4.76,4.259,4.072,3.399,0
10/1/1963,0:00,5.499,5.161,5.112,4.678,4.678,4.239,4.009,3.301,0
11/1/1963,0:00,6.499,5.079,4.921,4.449,4.38,3.839,3.589,1.299,0
12/1/1963,0:00,5,4.37,4.281,3.74,3.691,3.1,2.779,1.801,0
1/1/1964,0:00,5.4,4.209,4.058,3.55,3.53,3.009,2.641,0.2,0
2/1/1964,0:00,5.801,4.459,4.239,3.652,3.711,3.179,2.749,1.601,0
3/1/1964,0:00,5.6,4.629,4.531,4.019,4.081,3.629,3.291,1.699,0
4/1/1964,0:00,5.499,4.902,4.839,4.321,4.291,3.74,3.461,2.7,0
5/1/1964,0:00,5.699,5.079,5.069,4.482,4.459,3.848,3.599,2.799,0
6/1/1964,0:00,5.699,4.829,4.741,4.249,4.14,3.54,3.33,2.9,0
7/1/1964,0:00,5.6,4.59,4.531,4.019,4.029,3.52,3.15,2.201,0
8/1/1964,0:00,5.6,4.902,4.859,4.331,4.311,3.75,3.481,2.598,0
9/1/1964,0:00,6.401,5.351,5.308,4.879,4.82,4.331,4.049,3.301,0
10/1/1964,0:00,7.001,5.151,5.01,4.57,4.491,3.97,3.789,2.402,0
11/1/1964,0:00,5.499,4.941,4.902,4.419,4.409,3.911,3.629,2.5,0
12/1/1964,0:00,6.299,4.951,4.869,4.35,4.36,3.839,3.451,2.001,0
1/1/1965,0:00,5.098,4.59,4.419,3.911,3.99,3.56,3.009,1.299,0
2/1/1965,0:00,5.699,4.82,4.701,4.16,4.259,3.819,3.33,0,0
3/1/1965,0:00,5.499,4.409,4.259,3.77,3.799,3.34,3.009,1.001,0
4/1/1965,0:00,5.299,4.839,4.721,4.268,4.219,3.73,3.53,2.598,0
5/1/1965,0:00,5.899,5.269,5.161,4.619,4.56,3.96,3.711,2.799,0
6/1/1965,0:00,6.299,5.23,5.141,4.61,4.56,3.99,3.652,2.999,0
7/1/1965,0:00,5.6,4.77,4.751,4.15,4.16,3.56,3.169,2.3,0
8/1/1965,0:00,5.4,5,4.951,4.459,4.38,3.819,3.599,3.1,0
9/1/1965,0:00,6.9,5.781,5.689,5.19,5.24,4.79,4.4,3.199,0
10/1/1965,0:00,6.401,5.41,5.269,4.888,4.751,4.229,4.101,3.501,0
11/1/1965,0:00,6.001,5.4,5.361,4.888,4.859,4.37,4.058,3.199,0
12/1/1965,0:00,5.899,5.19,5.2,4.649,4.659,4.131,3.799,2.1,0
1/1/1966,0:00,5.899,4.941,4.81,4.301,4.36,3.921,3.442,2.201,0
2/1/1966,0:00,5.6,4.79,4.692,4.18,4.219,3.76,3.379,1.801,0
3/1/1966,0:00,5.299,4.619,4.491,3.98,3.999,3.52,3.14,0.801,0
4/1/1966,0:00,6.099,5.131,5.03,4.459,4.419,3.819,3.599,2.3,0
5/1/1966,0:00,6.9,5.469,5.371,4.902,4.78,4.18,4.029,2.7,0
6/1/1966,0:00,5.499,5.112,5.079,4.511,4.459,3.839,3.609,2.7,0
7/1/1966,0:00,5.499,4.921,4.849,4.268,4.199,3.55,3.36,2.598,0
8/1/1966,0:00,5.4,4.902,4.849,4.291,4.301,3.76,3.461,2.999,0
9/1/1966,0:00,5.899,5.161,5.121,4.6,4.659,4.19,3.839,3.301,0
10/1/1966,0:00,6.099,5.23,5.171,4.669,4.6,4.039,3.809,2.3,0
11/1/1966,0:00,5.4,4.849,4.751,4.268,4.199,3.638,3.379,1.201,0
12/1/1966,0:00,5.6,4.741,4.701,4.049,3.96,3.219,3.071,1.699,0
1/1/1967,0:00,5.2,4.629,4.551,4.009,4.058,3.56,3.018,2.3,0
2/1/1967,0:00,5.299,4.79,4.678,4.091,4.111,3.54,3.14,2.001,0
3/1/1967,0:00,5.699,4.839,4.721,4.259,4.239,3.75,3.379,2.001,0
4/1/1967,0:00,6.601,5.361,5.24,4.731,4.721,4.19,3.901,2.999,0
5/1/1967,0:00,6.499,5.42,5.341,4.741,4.741,4.15,3.799,2.201,0
6/1/1967,0:00,6.001,5.41,5.361,4.839,4.76,4.16,3.94,3.199,0
7/1/1967,0:00,5.499,5.02,4.941,4.409,4.409,3.881,3.51,2.9,0
8/1/1967,0:00,5.801,5.171,5.121,4.6,4.639,4.16,3.75,3.1,0
9/1/1967,0:00,7.3,5.581,5.518,4.98,5.049,4.58,4.131,3.301,0
10/1/1967,0:00,6.699,5.23,5.141,4.639,4.619,4.111,3.789,2.5,0
11/1/1967,0:00,5.699,5.2,5.079,4.58,4.541,3.999,3.701,2.799,0
12/1/1967,0:00,6.099,5.141,4.961,4.419,4.38,3.789,3.409,2.201,0
1/1/1968,0:00,5.801,4.849,4.81,4.199,4.321,3.829,3.271,1.201,0
2/1/1968,0:00,5.499,4.721,4.701,4.14,4.17,3.638,3.271,1.499,0
3/1/1968,0:00,5.699,4.59,4.501,3.97,3.999,3.51,3.159,0.699,0
4/1/1968,0:00,5.899,5.121,5.02,4.501,4.531,4.039,3.661,2.999,0
5/1/1968,0:00,6.001,5.249,5.161,4.531,4.6,4.029,3.54,2.9,0
6/1/1968,0:00,6.699,5.249,5.131,4.551,4.459,3.78,3.55,2.201,0
7/1/1968,0:00,5.499,5.171,5.089,4.58,4.56,4.029,3.681,2.799,0
8/1/1968,0:00,6.001,5.259,5.2,4.701,4.678,4.17,3.881,3.301,0
9/1/1968,0:00,6.099,5.591,5.541,5.03,5,4.449,4.18,3.399,0
10/1/1968,0:00,6.099,5.381,5.289,4.8,4.82,4.341,4.009,2.7,0
11/1/1968,0:00,6.401,5.039,4.97,4.35,4.35,3.73,3.442,1.499,0
12/1/1968,0:00,5.899,4.859,4.731,4.091,4.101,3.471,3.11,1.499,0
1/1/1969,0:00,5.4,4.921,4.902,4.35,4.259,3.629,3.428,2.402,0
2/1/1969,0:00,7.7,5.151,4.951,4.469,4.38,3.799,3.609,2.402,0
3/1/1969,0:00,6.299,4.98,4.869,4.311,4.301,3.73,3.419,2.1,0
4/1/1969,0:00,6.299,5.18,5.089,4.551,4.56,4.019,3.76,2.3,0
5/1/1969,0:00,6.201,5.279,5.22,4.659,4.629,4.029,3.72,3.1,0
6/1/1969,0:00,6.001,5.331,5.289,4.692,4.619,3.94,3.76,2.799,0
7/1/1969,0:00,5.699,4.869,4.859,4.249,4.239,3.619,3.281,2.402,0
8/1/1969,0:00,6.001,5.171,5.161,4.629,4.678,4.19,3.819,2.598,0
9/1/1969,0:00,6.001,5.322,5.23,4.78,4.741,4.249,3.96,3.501,0
10/1/1969,0:00,6.499,5.771,5.761,5.21,5.24,4.711,4.37,2.999,0
11/1/1969,0:00,5.4,4.879,4.8,4.239,4.209,3.609,3.35,1.801,0
12/1/1969,0:00,6.601,4.721,4.678,4.072,4.019,3.35,3.169,1.299,0
1/1/1970,0:00,6.001,4.629,4.531,3.94,3.94,3.35,2.949,0.801,0
2/1/1970,0:00,6.201,4.59,4.449,3.862,3.901,3.35,2.93,1.099,0
3/1/1970,0:00,6.499,5.01,4.888,4.331,4.301,3.701,3.428,1.699,0
4/1/1970,0:00,6.201,5.259,5.18,4.639,4.61,4.039,3.78,2.5,0
5/1/1970,0:00,6.099,5.459,5.4,4.879,4.839,4.281,4.029,2.799,0
6/1/1970,0:00,5.899,5.098,5.049,4.469,4.459,3.862,3.54,2.799,0
7/1/1970,0:00,5.4,4.931,4.869,4.37,4.301,3.73,3.428,2.5,0
8/1/1970,0:00,7.1,5.19,5.121,4.659,4.619,4.121,3.789,2.999,0
9/1/1970,0:00,6.299,5.791,5.561,5.039,5.039,4.521,4.239,3.501,0
10/1/1970,0:00,6.601,5.65,5.561,5.059,5.039,4.511,4.268,3.399,0
11/1/1970,0:00,6.201,4.879,4.76,4.199,4.16,3.55,3.232,1.601,0
12/1/1970,0:00,5.699,5.121,5.02,4.469,4.429,3.829,3.52,2.1,0
1/1/1971,0:00,5.699,5,4.911,4.38,4.482,4.039,3.55,2.799,0
2/1/1971,0:00,6.001,4.941,4.79,4.209,4.281,3.78,3.271,1.601,0
3/1/1971,0:00,5.801,4.8,4.669,4.121,4.219,3.76,3.271,1.401,0
4/1/1971,0:00,5.801,5.131,4.98,4.501,4.501,4.029,3.609,2.7,0
5/1/1971,0:00,6.001,5.131,5.059,4.482,4.521,3.97,3.589,2.3,0
6/1/1971,0:00,5.299,4.82,4.731,4.18,4.16,3.589,3.33,2.3,0
7/1/1971,0:00,6.099,4.77,4.711,4.16,4.16,3.619,3.261,2.5,0
8/1/1971,0:00,5.2,4.849,4.79,4.291,4.321,3.848,3.451,2.799,0
9/1/1971,0:00,7.1,5.801,5.699,5.22,5.2,4.692,4.36,3.301,0
10/1/1971,0:00,5.899,5.489,5.459,4.941,4.839,4.209,4.16,3.399,0
11/1/1971,0:00,7.799,5.679,5.61,5.039,4.961,4.301,4.18,2.999,0
12/1/1971,0:00,6.9,5.541,5.469,4.951,4.961,4.459,3.99,2.1,0
1/1/1972,0:00,6.001,5.43,5.351,4.78,4.8,4.249,3.901,3.1,0
2/1/1972,0:00,6.201,4.829,4.721,4.19,4.219,3.73,3.33,2.201,0
3/1/1972,0:00,5.699,5.151,5,4.531,4.511,4.019,3.74,3.1,0
5/1/1972,0:00,6.699,5.531,5.479,4.921,4.961,4.429,4.081,3.399,1
6/1/1972,0:00,6.499,5.591,5.62,4.98,5.079,4.531,4.111,2.999,0
7/1/1972,0:00,6.401,5.518,5.39,4.97,4.888,4.39,4.111,3.399,0
8/1/1972,0:00,5.899,5.151,5.079,4.6,4.551,4.019,3.77,3.199,0
9/1/1972,0:00,6.401,5.741,5.699,5.23,5.2,4.711,4.439,3.701,0
10/1/1972,0:00,6.699,5.781,5.732,5.22,5.22,4.711,4.419,3.799,0
12/1/1972,0:00,5.899,5.259,5.141,4.649,4.57,3.999,3.72,2.402,0
2/1/1973,0:00,6.001,5.21,5.141,4.678,4.639,4.14,3.819,2.799,0
3/1/1973,0:00,6.9,5.732,5.541,5.079,5.121,4.692,4.321,2.999,0
4/1/1973,0:00,7.3,5.781,5.551,5.079,5.069,4.59,4.38,2.5,0
5/1/1973,0:00,6.499,5.531,5.459,4.888,4.98,4.511,4.039,2.999,0
6/1/1973,0:00,6.401,5.6,5.561,4.99,5.01,4.459,4.029,2.9,0
7/1/1973,0:00,5.2,4.99,4.951,4.429,4.482,4.009,3.54,3.1,0
8/1/1973,0:00,5.801,5.299,5.279,4.8,4.839,4.39,4.072,3.301,0
9/1/1973,0:00,8.1,5.991,5.81,5.449,5.341,4.879,4.731,3.599,0
10/1/1973,0:00,7.201,6.04,5.942,5.44,5.44,4.931,4.669,3.301,0
11/1/1973,0:00,6.499,5.699,5.669,5.24,5.22,4.76,4.469,2.5,0
12/1/1973,0:00,6.699,5.112,4.99,4.491,4.511,4.029,3.589,1.499,0
1/1/1974,0:00,5.64,5.23,5.171,4.678,4.741,4.301,3.839,2.969,0
2/1/1974,0:00,6.099,4.911,4.721,4.239,4.199,3.691,3.399,1.411,0
3/1/1974,0:00,6.43,5.249,5.19,4.711,4.77,4.35,3.891,2.851,0
4/1/1974,0:00,6.949,5.659,5.561,5.171,5.18,4.79,4.482,3.661,0
5/1/1974,0:00,6.781,5.869,5.771,5.351,5.361,4.951,4.58,3.291,0
6/1/1974,0:00,5.62,5.571,5.469,4.951,4.98,4.501,4.072,2.73,0
7/1/1974,0:00,5.909,4.98,4.931,4.449,4.482,4.039,3.589,3.34,0
8/1/1974,0:00,5.771,5.21,5.131,4.669,4.711,4.291,3.77,3.15,0
9/1/1974,0:00,6.362,5.571,5.531,5.161,5.141,4.76,4.459,2.139,0
10/1/1974,0:00,6.631,5.85,5.791,5.381,5.42,5.039,4.678,3.619,0
11/1/1974,0:00,6.411,5.499,5.4,4.911,4.921,4.449,4.121,2.28,0
12/1/1974,0:00,6.421,5.069,4.97,4.469,4.482,3.99,3.589,1.01,0
1/1/1975,0:00,6.411,5.269,5.171,4.669,4.701,4.219,3.829,2.431,0
2/1/1975,0:00,6.591,5.341,5.151,4.721,4.678,4.219,3.94,1.499,0
3/1/1975,0:00,7.08,5.6,5.459,5.01,5.059,4.649,4.209,2.789,0
4/1/1975,0:00,6.699,5.82,5.732,5.259,5.299,4.879,4.501,2.661,0
5/1/1975,0:00,6.841,5.991,5.85,5.331,5.39,4.931,4.491,3.629,0
6/1/1975,0:00,6.969,5.719,5.659,5.161,5.161,4.669,4.331,3.638,0
7/1/1975,0:00,5.85,5.331,5.279,4.82,4.859,4.439,4.111,3.209,0
8/1/1975,0:00,5.971,5.479,5.41,5,5.02,4.629,4.311,3.579,0
9/1/1975,0:00,6.581,6.07,5.991,5.62,5.669,5.341,4.97,4.501,11
10/1/1975,0:00,6.558,5.509,5.44,5.098,5.098,4.751,4.491,3.96,11
11/1/1975,0:00,6.85,5.699,5.581,5.089,5.098,4.619,4.281,3.051,0
12/1/1975,0:00,6.749,5.41,5.322,4.741,4.839,4.36,3.862,2.29,0
1/1/1976,0:00,5.889,4.8,4.721,4.209,4.219,3.73,3.271,2.119,0
4/1/1976,0:00,6.611,5.41,5.299,4.859,4.888,4.482,4.14,3.232,0
5/1/1976,0:00,6.289,5.279,5.19,4.678,4.76,4.321,3.871,2.808,0
6/1/1976,0:00,6.191,5.561,5.459,5.01,5.02,4.59,4.199,3.619,0
7/1/1976,0:00,5.699,5.171,5.089,4.629,4.659,4.229,3.871,3.32,0
8/1/1976,0:00,5.83,5.079,5.01,4.57,4.619,4.239,3.871,2.999,11
9/1/1976,0:00,5.84,5.371,5.289,4.849,4.879,4.459,4.16,3.261,1
1/1/1977,0:00,5.581,4.81,4.721,4.16,4.199,3.681,3.301,1.401,11
2/1/1977,0:00,5.63,4.711,4.629,4.18,4.219,3.819,3.471,2.441,0
3/1/1977,0:00,6.201,5.259,5.131,4.711,4.751,4.37,3.999,3.071,0
4/1/1977,0:00,7.211,5.259,5.2,4.692,4.76,4.311,3.999,2.159,0
5/1/1977,0:00,6.02,5.64,5.541,5.089,5.079,4.61,4.259,2.421,0
6/1/1977,0:00,5.84,5.331,5.259,4.78,4.8,4.341,3.94,3.232,0
7/1/1977,0:00,5.469,5.121,5.049,4.59,4.61,4.17,3.78,3.051,0
8/1/1977,0:00,7.339,5.509,5.469,5.03,5.098,4.731,4.39,3.589,0
9/1/1977,0:00,7.621,5.83,5.751,5.351,5.371,4.99,4.669,3.97,0
10/1/1977,0:00,6.411,5.541,5.43,5.03,5.02,4.6,4.281,3.33,0
11/1/1977,0:00,6.539,5.489,5.322,4.869,4.888,4.459,4.14,2.789,0
12/1/1977,0:00,6.299,5.21,5.02,4.6,4.551,4.081,3.789,1.411,0
1/1/1978,0:00,6.601,4.98,4.859,4.341,4.409,3.96,3.481,1.499,0
2/1/1978,0:00,6.421,4.97,4.8,4.321,4.37,3.94,3.52,1.85,0
3/1/1978,0:00,5.541,4.721,4.61,4.14,4.199,3.78,3.399,2.631,1
4/1/1978,0:00,6.171,5.259,5.151,4.692,4.711,4.268,3.901,3.219,0
5/1/1978,0:00,6.299,5.531,5.4,4.951,4.97,4.541,4.17,3.32,0
6/1/1978,0:00,6.109,5.499,5.43,4.941,4.98,4.521,4.101,3.701,0
7/1/1978,0:00,5.551,5.131,5.059,4.57,4.619,4.17,3.74,2.799,0
9/1/1978,0:00,6.401,5.699,5.6,5.259,5.249,4.902,4.649,3.999,0
10/1/1978,0:00,6.03,5.659,5.6,5.22,5.249,4.902,4.58,4.081,0
11/1/1978,0:00,6.621,5.64,5.518,5.079,5.112,4.692,4.331,3.652,0
12/1/1978,0:00,6.191,5.322,5.18,4.669,4.741,4.291,3.862,1.919,0
1/1/1979,0:00,6.181,5.02,4.869,4.229,4.301,3.72,3.369,0.981,0
4/1/1979,0:00,6.719,5.879,5.82,5.341,5.4,4.99,4.669,3.95,0
6/1/1979,0:00,6.371,5.6,5.571,5.138,5.121,4.669,4.331,3.691,1
7/1/1979,0:00,7.06,5.699,5.581,5.171,5.18,4.79,4.469,3.57,1
9/1/1979,0:00,7.549,6.329,6.201,5.81,5.791,5.381,5.112,4.121,0
10/1/1979,0:00,7.251,5.499,5.42,5.01,4.99,4.551,4.36,3.599,0
11/1/1979,0:00,6.24,5.299,5.289,4.79,4.82,4.341,4.101,2.808,0
12/1/1979,0:00,5.889,5.112,5.059,4.58,4.59,4.121,3.76,2.589,0
1/1/1980,0:00,5.761,5.22,5.121,4.678,4.619,4.131,3.881,2.69,0
2/1/1980,0:00,6.46,5.22,5.151,4.692,4.701,4.259,3.96,2.851,0
3/1/1980,0:00,6.191,5.22,5.089,4.678,4.649,4.209,4.009,2.388,0
4/1/1980,0:00,6.089,5.151,5.02,4.619,4.57,4.111,3.871,2.06,0
5/1/1980,0:00,6.68,5.571,5.541,5.01,5.059,4.59,4.268,3.45,0
6/1/1980,0:00,5.988,5.19,5.121,4.649,4.551,3.98,3.78,2.5,0
7/1/1980,0:00,5.459,5.03,4.97,4.521,4.521,4.072,3.76,3.179,0
8/1/1980,0:00,7.979,5.499,5.4,5.039,4.98,4.551,4.301,3.55,0
9/1/1980,0:00,6.591,5.591,5.541,5.112,5.121,4.701,4.429,3.652,0
10/1/1980,0:00,5.81,5.259,5.171,4.751,4.721,4.259,4.049,3.179,0
11/1/1980,0:00,7.001,5.299,5.098,4.669,4.619,4.14,3.911,2.47,0
12/1/1980,0:00,5.899,4.97,4.888,4.38,4.419,3.94,3.56,1.68,0
1/1/1981,0:00,5.6,4.8,4.721,4.268,4.281,3.839,3.442,2.051,0
2/1/1981,0:00,5.971,4.902,4.82,4.35,4.36,3.901,3.55,2.451,0
3/1/1981,0:00,5.781,4.908,4.741,4.308,4.285,3.829,3.537,1.68,0
4/1/1981,0:00,5.991,5.341,5.249,4.823,4.821,4.393,4.117,3.451,0
5/1/1981,0:00,6.66,5.62,5.561,5.069,5.069,4.58,4.321,3.419,0
6/1/1981,0:00,7.021,5.692,5.633,5.128,5.049,4.465,4.281,3.589,0
7/1/1981,0:00,6.119,5.371,5.289,4.849,4.741,4.19,3.99,3.56,0
8/1/1981,0:00,6.28,5.344,5.325,4.911,4.954,4.583,4.18,3.638,0
9/1/1981,0:00,5.991,5.531,5.459,5.079,5.079,4.711,4.439,3.789,0
10/1/1981,0:00,6.289,5.61,5.571,5.131,5.131,4.701,4.39,3.501,0
11/1/1981,0:00,6.181,5.449,5.381,4.941,4.911,4.439,4.14,3.271,0
12/1/1981,0:00,6.089,5.22,5.171,4.711,4.639,4.121,3.881,2.979,0
1/1/1982,0:00,6.001,4.99,4.911,4.409,4.419,3.93,3.609,2.579,0
2/1/1982,0:00,5.991,5.03,4.951,4.482,4.439,3.94,3.629,2.759,0
3/1/1982,0:00,6.201,5.282,5.207,4.754,4.751,4.295,4.035,2.461,1
4/1/1982,0:00,6.129,5.561,5.499,4.99,5,4.501,4.19,3.471,0
5/1/1982,0:00,6.729,5.62,5.459,5.059,4.99,4.511,4.311,3.501,0
6/1/1982,0:00,5.781,5.308,5.259,4.76,4.731,4.199,3.98,3.471,0
7/1/1982,0:00,5.381,4.931,4.902,4.4,4.331,3.77,3.57,3.13,0
8/1/1982,0:00,5.61,5.059,5.059,4.57,4.59,4.121,3.78,3.219,0
9/1/1982,0:00,6.499,5.669,5.591,5.19,5.151,4.701,4.501,3.848,0
10/1/1982,0:00,6.46,5.82,5.771,5.341,5.341,4.911,4.659,3.93,0
11/1/1982,0:00,6.68,5.83,5.751,5.249,5.22,4.692,4.449,3.638,0
12/1/1982,0:00,7.1,5.82,5.801,5.22,5.2,4.6,4.321,2.759,0
1/1/1983,0:00,6.841,5.531,5.449,4.921,4.879,4.311,4.029,2.139,0
2/1/1983,0:00,7.27,5.479,5.469,4.902,4.97,4.482,4.101,2.52,0
3/1/1983,0:00,7.27,5.571,5.459,4.921,4.961,4.449,4.072,2.549,0
4/1/1983,0:00,6.299,5.469,5.289,4.849,4.78,4.281,4.009,2.149,0
5/1/1983,0:00,6.749,5.928,5.869,5.341,5.299,4.731,4.491,3.54,0
6/1/1983,0:00,6.329,5.81,5.732,5.249,5.151,4.57,4.419,3.921,0
7/1/1983,0:00,6.22,5.551,5.581,5.03,5.098,4.61,4.291,3.52,0
8/1/1983,0:00,9.941,5.699,5.551,5.098,5.039,4.521,4.39,3.399,0
9/1/1983,0:00,6.591,5.951,5.928,5.42,5.39,4.859,4.639,3.78,0
10/1/1983,0:00,6.601,5.961,5.899,5.42,5.42,4.941,4.6,3.891,0
11/1/1983,0:00,6.811,5.82,5.689,5.161,5.131,4.57,4.35,3.419,0
12/1/1983,0:00,6.28,5.341,5.23,4.669,4.629,4.019,3.77,2.329,0
1/1/1984,0:00,6.289,5.308,5.299,4.711,4.711,4.131,3.76,2.73,0
2/1/1984,0:00,6.119,5.039,4.888,4.4,4.341,3.78,3.451,-0.249,0
3/1/1984,0:00,5.919,4.97,4.849,4.429,4.4,3.95,3.619,1.529,0
4/1/1984,0:00,6.348,5.269,5.151,4.701,4.701,4.259,3.881,2.28,0
11/1/1984,0:00,6.85,5.909,5.85,5.341,5.341,4.829,4.511,3.291,0
12/1/1984,0:00,6.749,5.709,5.64,5.151,5.131,4.619,4.311,3.1,0
1/1/1985,0:00,5.942,5.151,5.059,4.531,4.531,3.999,3.609,2.32,0
2/1/1985,0:00,6.07,5.269,5.171,4.61,4.692,4.199,3.76,1.138,0
3/1/1985,0:00,6.65,5.581,5.541,5,5,4.459,4.16,3.291,0
4/1/1985,0:00,6.401,5.741,5.571,5.161,5.089,4.61,4.341,3.179,0
5/1/1985,0:00,6.339,5.551,5.449,4.98,4.951,4.449,4.111,3.461,0
6/1/1985,0:00,6.45,5.561,5.459,4.961,4.849,4.239,4.049,3.271,0
7/1/1985,0:00,5.899,5.22,5.18,4.61,4.57,3.96,3.671,2.841,0
8/1/1985,0:00,6.64,5.449,5.381,4.902,4.902,4.409,4.121,3.14,0
9/1/1985,0:00,7.129,6.201,6.119,5.679,5.659,5.2,4.902,4.209,0
10/1/1985,0:00,7.001,5.909,5.84,5.322,5.299,4.76,4.531,1.739,0
11/1/1985,0:00,6.47,5.889,5.83,5.322,5.279,4.741,4.469,3.75,0
12/1/1985,0:00,6.289,5.469,5.361,4.81,4.77,4.17,3.848,2.241,0
1/1/1986,0:00,6.309,5.249,5.19,4.659,4.692,4.19,3.809,1.709,0
2/1/1986,0:00,6.129,5.341,5.249,4.76,4.77,4.281,3.93,3.15,0
3/1/1986,0:00,6.099,5.21,5.151,4.639,4.639,4.121,3.72,2.69,0
4/1/1986,0:00,6.339,5.719,5.63,5.141,5.121,4.619,4.291,3.72,0
5/1/1986,0:00,6.739,5.951,5.879,5.361,5.361,4.839,4.501,3.652,0
6/1/1986,0:00,6.801,5.771,5.719,5.18,5.121,4.521,4.35,3.481,0
7/1/1986,0:00,5.61,5.141,5.069,4.56,4.511,3.94,3.661,2.949,0
8/1/1986,0:00,5.791,5.23,5.18,4.678,4.649,4.131,3.829,2.92,0
9/1/1986,0:00,6.371,5.889,5.81,5.39,5.351,4.879,4.639,4.009,0
10/1/1986,0:00,6.85,6.07,6.02,5.571,5.531,5.039,4.81,4.18,0
11/1/1986,0:00,7.031,6.05,5.928,5.43,5.322,4.711,4.541,3.52,0
12/1/1986,0:00,7.402,5.699,5.659,5.069,4.98,4.301,4.131,2.799,0
1/1/1987,0:00,6.329,5.289,5.151,4.58,4.59,4.019,3.671,2.329,0
2/1/1987,0:00,6.46,5.42,5.299,4.79,4.77,4.239,3.96,2.959,0
3/1/1987,0:00,6.749,5.732,5.571,5.121,5.059,4.551,4.259,2.369,0
4/1/1987,0:00,5.771,4.97,4.888,4.38,4.35,3.819,3.52,2.621,0
5/1/1987,0:00,6.549,5.459,5.371,4.869,4.78,4.19,3.98,2.861,0
6/1/1987,0:00,6.709,5.82,5.709,5.22,5.141,4.56,4.321,3.261,0
7/1/1987,0:00,6.47,5.679,5.581,5.171,5.01,4.449,4.341,3.829,0
8/1/1987,0:00,6.129,5.24,5.21,4.701,4.701,4.199,3.871,3.291,0
9/1/1987,0:00,6.191,5.679,5.6,5.098,5.089,4.58,4.268,3.76,0
10/1/1987,0:00,6.299,5.64,5.561,5.059,5.039,4.521,4.249,3.661,0
11/1/1987,0:00,6.949,5.709,5.679,5.121,5.112,4.551,4.209,2.431,0
12/1/1987,0:00,6.329,5.479,5.469,4.839,4.829,4.19,3.921,2.579,0
1/1/1988,0:00,6.69,5.279,5.171,4.639,4.541,3.921,3.691,2.549,0
2/1/1988,0:00,6.371,5.24,5.18,4.639,4.669,4.16,3.76,2.49,0
3/1/1988,0:00,5.991,5.151,5.098,4.58,4.58,4.049,3.75,2.021,0
4/1/1988,0:00,7.329,5.371,5.19,4.692,4.649,4.121,3.881,1.309,0
5/1/1988,0:00,6.43,5.469,5.381,4.879,4.78,4.18,3.98,3.14,0
6/1/1988,0:00,6.319,5.659,5.591,5.03,4.941,4.291,4.091,3.241,0
7/1/1988,0:00,6.558,5.479,5.381,4.879,4.82,4.259,3.96,2.9,0
8/1/1988,0:00,5.909,5.39,5.371,4.81,4.879,4.39,4.009,2.94,0
9/1/1988,0:00,7.589,6.109,5.942,5.499,5.4,4.859,4.701,3.77,0
10/1/1988,0:00,6.25,5.771,5.719,5.21,5.171,4.61,4.311,3.799,0
11/1/1988,0:00,6.381,5.531,5.469,4.921,4.879,4.291,3.95,3.1,0
12/1/1988,0:00,6.27,5.24,5.141,4.639,4.61,4.091,3.75,3.041,0
1/1/1989,0:00,5.961,5.43,5.42,4.869,4.902,4.38,3.95,3.33,0
2/1/1989,0:00,5.879,5.299,5.19,4.669,4.639,4.091,3.78,2.119,0
3/1/1989,0:00,6.22,5.299,5.141,4.678,4.629,4.131,3.809,1.22,0
4/1/1989,0:00,6.089,5.518,5.44,4.921,4.941,4.429,4.058,3.11,0
5/1/1989,0:00,6.729,5.709,5.659,5.089,5.089,4.521,4.229,2.93,0
6/1/1989,0:00,7.749,5.909,5.83,5.21,5.22,4.61,4.249,3.271,0
7/1/1989,0:00,6.43,5.669,5.61,5.039,5.03,4.439,4.14,3.261,0
8/1/1989,0:00,7.52,5.741,5.669,5.19,5.151,4.639,4.331,3.97,0
9/1/1989,0:00,6.381,5.942,5.869,5.43,5.381,4.888,4.669,3.671,0
10/1/1989,0:00,8.11,5.991,5.928,5.381,5.41,4.888,4.521,2.749,0
11/1/1989,0:00,6.549,5.65,5.591,5.089,5.03,4.459,4.209,2.631,0
12/1/1989,0:00,5.541,4.879,4.849,4.229,4.209,3.579,3.219,1.66,0
1/1/1990,0:00,5.541,5.089,4.98,4.459,4.449,3.921,3.57,2.11,0
2/1/1990,0:00,6.581,5.43,5.361,4.829,4.839,4.311,4.009,2.31,0
3/1/1990,0:00,6.939,5.869,5.81,5.279,5.322,4.82,4.429,3.442,0
4/1/1990,0:00,7.411,6.05,5.961,5.43,5.43,4.902,4.551,3.862,0
5/1/1990,0:00,7.011,6.319,6.26,5.732,5.732,5.2,4.839,3.671,0
6/1/1990,0:00,6.801,5.771,5.719,5.161,5.098,4.482,4.281,3.291,0
7/1/1990,0:00,6.381,5.62,5.581,5.049,5.02,4.459,4.18,3.638,0
8/1/1990,0:00,6.24,5.65,5.64,5.112,5.121,4.6,4.259,3.55,0
9/1/1990,0:00,6.381,5.791,5.771,5.299,5.322,4.869,4.56,4.081,0
10/1/1990,0:00,6.44,5.869,5.83,5.361,5.39,4.951,4.678,3.871,0
11/1/1990,0:00,7.49,6.201,6.05,5.531,5.509,4.97,4.649,2.881,0
12/1/1990,0:00,6.749,5.61,5.561,4.99,4.902,4.229,3.999,2.69,0
1/1/1991,0:00,7.32,5.83,5.732,5.171,5.161,4.59,4.219,2.999,0
2/1/1991,0:00,6.079,5.4,5.381,4.81,4.829,4.291,3.97,2.651,0
3/1/1991,0:00,6.909,5.659,5.571,5.059,5.089,4.61,4.268,2.789,0
4/1/1991,0:00,6.89,6.181,6.138,5.62,5.659,5.18,4.849,3.829,0
5/1/1991,0:00,7.339,6.539,6.46,5.942,5.919,5.381,5.069,4.18,0
6/1/1991,0:00,7.169,6.001,5.919,5.381,5.39,4.859,4.501,3.681,0
7/1/1991,0:00,5.909,5.42,5.341,4.879,4.839,4.35,4.058,3.419,0
8/1/1991,0:00,5.981,5.44,5.39,4.921,4.931,4.469,4.111,3.619,0
9/1/1991,0:00,6.781,6.191,6.109,5.64,5.61,5.098,4.839,4.239,0
10/1/1991,0:00,7.192,6.06,6.03,5.571,5.581,5.131,4.78,3.839,0
11/1/1991,0:00,6.64,5.85,5.791,5.249,5.269,4.751,4.4,2.579,0
12/1/1991,0:00,7.159,5.781,5.771,5.24,5.21,4.649,4.35,3.471,0
1/1/1992,0:00,7.011,5.732,5.679,5.098,5.059,4.439,4.199,2.139,0
2/1/1992,0:00,7.119,5.741,5.62,5.049,5.131,4.639,4.229,2.612,0
3/1/1992,0:00,6.519,5.571,5.459,4.961,4.98,4.501,4.15,3.12,0
4/1/1992,0:00,6.939,5.83,5.669,5.21,5.151,4.639,4.419,3.799,0
5/1/1992,0:00,6.161,5.659,5.571,5.089,5.079,4.58,4.19,3.501,0
6/1/1992,0:00,6.66,5.61,5.541,4.99,4.911,4.281,4.049,2.959,0
7/1/1992,0:00,6.07,5.489,5.42,4.879,4.869,4.331,3.98,3.199,0
8/1/1992,0:00,6.339,5.591,5.571,5.098,5.121,4.669,4.321,3.36,0
9/1/1992,0:00,6.759,6.119,6.079,5.62,5.6,5.131,4.859,4.199,0
10/1/1992,0:00,7.379,6.24,6.161,5.689,5.64,5.131,4.859,4.121,0
11/1/1992,0:00,6.89,5.869,5.781,5.24,5.249,4.721,4.39,3.018,0
12/1/1992,0:00,6.43,5.751,5.709,5.171,5.171,4.639,4.331,3.1,0
1/1/1993,0:00,6.69,5.801,5.751,5.22,5.24,4.721,4.36,3.691,0
2/1/1993,0:00,6.381,5.719,5.591,5.121,5.121,4.649,4.321,3.481,0
3/1/1993,0:00,6.749,5.43,5.308,4.829,4.78,4.259,4.039,1.581,0
4/1/1993,0:00,6.969,5.669,5.591,5.069,5.059,4.541,4.219,2.749,0
5/1/1993,0:00,6.781,5.971,5.85,5.381,5.361,4.859,4.521,3.97,0
6/1/1993,0:00,7.71,6.07,5.971,5.499,5.371,4.77,4.619,3.55,0
7/1/1993,0:00,5.85,5.41,5.322,4.839,4.76,4.19,3.95,3.579,0
8/1/1993,0:00,6.03,5.341,5.279,4.839,4.82,4.37,4.058,3.419,0
9/1/1993,0:00,6.67,5.801,5.771,5.322,5.331,4.888,4.56,3.95,0
10/1/1993,0:00,6.621,6.05,5.919,5.459,5.43,4.941,4.619,2.671,0
11/1/1993,0:00,6.801,5.659,5.6,5.151,5.131,4.669,4.331,3.301,0
12/1/1993,0:00,6.749,5.561,5.486,4.872,4.913,4.341,3.93,1.621,0
1/1/1994,0:00,6.339,5.361,5.289,4.718,4.728,4.167,3.802,2.441,0
2/1/1994,0:00,6.119,5.43,5.364,4.872,4.857,4.35,4.052,3.33,0
3/1/1994,0:00,6.348,5.538,5.423,4.928,4.911,4.4,4.068,2.379,0
4/1/1994,0:00,6.929,5.991,5.886,5.443,5.41,4.934,4.629,3.681,0
5/1/1994,0:00,6.47,5.823,5.722,5.213,5.21,4.698,4.35,3.481,0
6/1/1994,0:00,5.951,5.597,5.502,5.013,5.005,4.508,4.147,3.189,0
7/1/1994,0:00,5.879,5.397,5.308,4.846,4.823,4.337,3.996,3.241,0
8/1/1994,0:00,6.01,5.728,5.659,5.243,5.249,4.839,4.511,3.95,0
9/1/1994,0:00,6.719,6.014,5.925,5.512,5.458,4.99,4.78,4.121,0
10/1/1994,0:00,7.041,6.283,6.257,5.807,5.848,5.44,5.125,3.94,0
11/1/1994,0:00,6.549,5.951,5.902,5.413,5.441,4.98,4.613,3.77,0
12/1/1994,0:00,6.831,5.689,5.627,5.108,5.087,4.547,4.196,3.281,0
1/1/1995,0:00,6.45,5.21,5.02,4.505,4.434,3.848,3.589,2.26,0
2/1/1995,0:00,5.751,4.97,4.892,4.423,4.434,3.976,3.665,2.5,0
3/1/1995,0:00,6.709,5.764,5.659,5.203,5.231,4.803,4.488,3.12,0
4/1/1995,0:00,6.811,6.106,6.043,5.561,5.574,5.105,4.816,4.17,0
5/1/1995,0:00,7.031,6.073,5.984,5.459,5.49,4.997,4.629,3.921,0
6/1/1995,0:00,6.601,5.804,5.732,5.243,5.203,4.675,4.4,3.251,0
7/1/1995,0:00,7.641,5.577,5.581,5.023,5.108,4.636,4.255,3.051,0
8/1/1995,0:00,6.929,6.145,6.122,5.682,5.714,5.305,4.967,4.18,0
9/1/1995,0:00,7.031,6.371,6.309,5.889,5.883,5.456,5.171,4.531,0
10/1/1995,0:00,7.631,6.48,6.365,5.925,5.906,5.446,5.141,4.072,0
11/1/1995,0:00,6.46,5.755,5.646,5.21,5.213,4.78,4.416,2.979,0
12/1/1995,0:00,6.48,5.417,5.305,4.836,4.826,4.347,4.012,2.579,0
1/1/1996,0:00,6.355,5.112,4.964,4.455,4.429,3.894,3.573,1.115,0
2/1/1996,0:00,5.925,5.043,4.98,4.524,4.564,4.147,3.743,2.785,0
3/1/1996,0:00,5.869,5.151,5.03,4.626,4.595,4.16,3.852,2.018,0
4/1/1996,0:00,6.017,5.427,5.269,4.862,4.818,4.367,4.127,3.14,0
5/1/1996,0:00,6.368,5.63,5.545,5.059,5.049,4.554,4.259,3.684,0
6/1/1996,0:00,6.247,5.463,5.381,4.816,4.805,4.229,3.914,3.32,0
7/1/1996,0:00,5.801,5.354,5.312,4.793,4.828,4.344,3.904,3.448,0
8/1/1996,0:00,6.909,5.633,5.587,5.138,5.139,4.692,4.413,3.619,0
9/1/1996,0:00,6.447,5.741,5.653,5.223,5.258,4.862,4.514,3.95,0
10/1/1996,0:00,8.209,6.654,6.535,6.135,6.071,5.607,5.443,4.124,0
11/1/1996,0:00,7.818,6.161,5.994,5.591,5.522,5.049,4.843,2.638,0
12/1/1996,0:00,6.302,5.636,5.518,5.023,5.041,4.564,4.216,3.409,0
1/1/1997,0:00,6.496,5.568,5.443,5.023,5.021,4.6,4.232,2.749,0
2/1/1997,0:00,6.634,5.728,5.636,5.197,5.208,4.78,4.459,3.209,0
3/1/1997,0:00,6.552,5.827,5.705,5.285,5.287,4.869,4.564,3.576,0
4/1/1997,0:00,7.785,6.112,6.056,5.62,5.625,5.194,4.875,3.458,0
5/1/1997,0:00,6.417,5.876,5.768,5.322,5.3,4.833,4.573,3.99,0
6/1/1997,0:00,6.289,5.728,5.643,5.161,5.141,4.639,4.334,3.78,0
7/1/1997,0:00,5.942,5.433,5.371,4.895,4.87,4.37,4.052,3.396,0
8/1/1997,0:00,6.014,5.551,5.499,5.056,5.033,4.567,4.295,3.645,0
9/1/1997,0:00,6.804,5.925,5.846,5.479,5.453,5.059,4.836,4.199,0
10/1/1997,0:00,7.507,6.115,6.017,5.646,5.586,5.154,4.977,4.117,0
11/1/1997,0:00,6.191,5.528,5.404,4.957,4.959,4.514,4.209,3.251,0
12/1/1997,0:00,6.709,5.085,4.954,4.432,4.444,3.934,3.524,0.801,0
1/1/1998,0:00,6.142,5.344,5.259,4.816,4.821,4.383,4.019,2.323,0
2/1/1998,0:00,7.119,5.692,5.617,5.092,5.154,4.692,4.242,2.635,0
3/1/1998,0:00,6.814,5.597,5.466,5.066,5.066,4.665,4.39,1.969,0
4/1/1998,0:00,6.683,5.876,5.735,5.335,5.262,4.79,4.587,3.924,0
5/1/1998,0:00,6.562,5.899,5.83,5.364,5.328,4.826,4.613,4.104,0
6/1/1998,0:00,6.598,5.837,5.745,5.282,5.23,4.715,4.514,3.714,0
7/1/1998,0:00,6.165,5.322,5.23,4.787,4.719,4.209,4.016,3.278,0
8/1/1998,0:00,7.31,5.748,5.715,5.285,5.274,4.833,4.577,3.822,0
9/1/1998,0:00,9.652,6.975,6.864,6.483,6.411,5.958,5.787,4.633,0
10/1/1998,0:00,7.343,6.473,6.401,5.965,5.951,5.502,5.256,4.528,0
11/1/1998,0:00,6.952,5.958,5.912,5.459,5.472,5.033,4.724,4.078,0
12/1/1998,0:00,6.316,5.568,5.512,4.977,4.997,4.482,4.094,3.091,0
1/1/1999,0:00,6.585,5.518,5.417,4.902,4.906,4.396,3.95,2.49,0
2/1/1999,0:00,6.358,5.663,5.614,5.108,5.151,4.688,4.314,3.058,0
3/1/1999,0:00,6.545,5.764,5.64,5.23,5.198,4.757,4.495,2.178,0
4/1/1999,0:00,6.841,5.856,5.778,5.295,5.303,4.829,4.567,3.199,0
5/1/1999,0:00,6.804,6.063,5.938,5.482,5.464,4.99,4.688,3.802,0
6/1/1999,0:00,6.742,5.915,5.883,5.331,5.34,4.797,4.501,3.484,0
7/1/1999,0:00,6.188,5.732,5.666,5.187,5.174,4.682,4.373,3.668,0
8/1/1999,0:00,6.089,5.449,5.374,4.954,4.921,4.469,4.203,3.323,0
9/1/1999,0:00,6.568,6.037,5.984,5.528,5.545,5.105,4.793,3.937,0
10/1/1999,0:00,6.742,6.109,6.024,5.584,5.54,5.056,4.777,3.763,0
11/1/1999,0:00,6.388,5.709,5.627,5.144,5.12,4.613,4.35,3.32,0
12/1/1999,0:00,6.46,5.499,5.377,4.836,4.844,4.311,3.976,2.703,0
1/1/2000,0:00,6.49,5.341,5.246,4.701,4.713,4.18,3.802,1.959,0
2/1/2000,0:00,5.873,5.325,5.259,4.77,4.8,4.341,3.927,3.045,0
3/1/2000,0:00,6.263,5.614,5.541,5.062,5.09,4.639,4.242,3.192,0
4/1/2000,0:00,6.358,5.643,5.554,5.079,5.072,4.59,4.298,3.323,0
5/1/2000,0:00,7.001,6.037,5.935,5.413,5.397,4.859,4.573,4.075,0
6/1/2000,0:00,6.404,5.892,5.817,5.272,5.217,4.616,4.39,3.373,0
7/1/2000,0:00,6.05,5.495,5.482,4.905,4.952,4.423,3.993,3.304,0
8/1/2000,0:00,5.919,5.492,5.417,4.974,4.969,4.521,4.137,3.763,0
9/1/2000,0:00,6.401,5.922,5.82,5.377,5.349,4.879,4.665,3.445,0
10/1/2000,0:00,6.65,6.093,6.079,5.607,5.62,5.161,4.813,4.177,0
11/1/2000,0:00,7.057,6.073,5.928,5.384,5.356,4.783,4.518,2.684,0
12/1/2000,0:00,6.759,5.361,5.243,4.715,4.678,4.114,3.802,2.175,0
1/1/2001,0:00,6.568,5.171,5.003,4.521,4.472,3.94,3.629,2.392,0
2/1/2001,0:00,6.109,5.305,5.246,4.767,4.767,4.288,3.885,2.661,0
3/1/2001,0:00,6.818,5.561,5.404,4.934,4.897,4.39,4.075,2.297,0
4/1/2001,0:00,6.696,6.06,5.951,5.449,5.443,4.934,4.633,4.035,0
5/1/2001,0:00,6.952,5.876,5.82,5.295,5.317,4.813,4.547,3.635,0
6/1/2001,0:00,7.782,5.863,5.735,5.24,5.19,4.646,4.377,3.478,0
7/1/2001,0:00,6.122,5.636,5.614,5.069,5.046,4.478,4.177,3.419,0
8/1/2001,0:00,6.46,5.82,5.794,5.272,5.292,4.79,4.416,3.369,0
9/1/2001,0:00,6.745,6.148,6.07,5.607,5.607,5.144,4.813,4.423,0
10/1/2001,0:00,7.782,6.352,6.247,5.827,5.779,5.312,5.089,4.419,0
11/1/2001,0:00,6.883,6.106,6.066,5.558,5.52,4.974,4.731,3.848,0
12/1/2001,0:00,6.509,5.787,5.748,5.154,5.148,4.547,4.186,2.989,0
1/1/2002,0:00,6.188,5.348,5.305,4.728,4.783,4.262,3.743,2.133,0
2/1/2002,0:00,6.319,5.417,5.305,4.81,4.777,4.249,3.94,2.48,0
3/1/2002,0:00,7.116,5.827,5.719,5.233,5.236,4.754,4.373,3.376,0
4/1/2002,0:00,6.778,6.047,5.958,5.433,5.404,4.849,4.583,3.714,0
5/1/2002,0:00,6.683,6.296,6.178,5.617,5.62,5.062,4.76,3.783,0
6/1/2002,0:00,6.791,6.188,6.112,5.594,5.518,4.925,4.701,3.921,0
7/1/2002,0:00,6.617,5.722,5.676,5.184,5.149,4.623,4.357,3.694,0
8/1/2002,0:00,6.913,6.037,6.027,5.551,5.559,5.092,4.767,3.894,0
9/1/2002,0:00,8.337,6.785,6.778,6.24,6.24,5.702,5.505,4.462,0
10/1/2002,0:00,7.31,6.414,6.368,5.883,5.851,5.335,5.089,4.557,0
11/1/2002,0:00,7.156,5.817,5.758,5.2,5.205,4.652,4.367,3.219,0
12/1/2002,0:00,6.663,5.456,5.371,4.829,4.798,4.226,3.871,2.556,0
1/1/2003,0:00,5.814,5.253,5.197,4.59,4.618,4.039,3.625,2.06,0
2/1/2003,0:00,6.214,5.545,5.417,4.938,4.897,4.377,4.058,2.92,0
3/1/2003,0:00,6.699,5.817,5.715,5.22,5.228,4.741,4.386,3.655,0
4/1/2003,0:00,6.407,5.696,5.604,5.115,5.107,4.61,4.301,3.353,0
5/1/2003,0:00,6.437,5.886,5.804,5.289,5.233,4.662,4.442,3.176,0
6/1/2003,0:00,7.07,5.807,5.748,5.174,5.094,4.439,4.199,3.301,0
7/1/2003,0:00,9.633,5.958,5.915,5.341,5.299,4.682,4.419,3.54,0
8/1/2003,0:00,7.612,5.758,5.771,5.236,5.284,4.797,4.396,2.972,0
9/1/2003,0:00,7.359,6.483,6.427,5.948,5.922,5.417,5.135,4.491,0
10/1/2003,0:00,7.083,6.391,6.319,5.86,5.766,5.213,4.99,4.117,0
11/1/2003,0:00,7.49,6.224,6.073,5.551,5.453,4.833,4.652,2.382,0
12/1/2003,0:00,7.395,5.679,5.531,5.007,4.969,4.406,4.049,1.923,0
1/1/2004,0:00,6.545,5.676,5.6,5.059,5.008,4.416,4.121,2.113,0
2/1/2004,0:00,6.942,5.764,5.64,5.115,5.067,4.495,4.167,2.31,0
3/1/2004,0:00,6.729,5.846,5.741,5.282,5.208,4.675,4.432,3.553,0
4/1/2004,0:00,6.48,5.778,5.64,5.108,5.097,4.554,4.252,2.982,0
5/1/2004,0:00,7.162,6.23,6.129,5.61,5.54,4.951,4.734,3.54,0
6/1/2004,0:00,6.532,6.112,6.053,5.44,5.364,4.675,4.475,3.166,0
7/1/2004,0:00,6.417,5.732,5.715,5.118,5.028,4.341,4.163,3.35,0
8/1/2004,0:00,6.145,5.784,5.712,5.213,5.171,4.629,4.304,3.698,0
9/1/2004,0:00,7.848,6.312,6.234,5.764,5.73,5.226,4.977,4.124,0
10/1/2004,0:00,7.398,6.079,6.001,5.528,5.492,4.984,4.685,3.655,0
11/1/2004,0:00,7.664,6.257,6.125,5.604,5.513,4.902,4.665,3.156,0
12/1/2004,0:00,6.339,5.663,5.545,4.977,4.887,4.229,4.042,1.854,0
1/1/2005,0:00,6.66,5.827,5.814,5.246,5.276,4.738,4.354,3.353,0
2/1/2005,0:00,6.916,6.155,6.086,5.594,5.584,5.082,4.675,3.74,0
3/1/2005,0:00,6.781,5.692,5.512,5.023,4.939,4.367,4.088,2.156,0
4/1/2005,0:00,6.378,5.614,5.571,5.02,5.043,4.514,4.147,2.205,0
5/1/2005,0:00,6.496,5.915,5.866,5.289,5.289,4.711,4.413,3.077,0
6/1/2005,0:00,6.601,6.112,6.04,5.541,5.425,4.81,4.642,3.848,0
7/1/2005,0:00,7.087,5.965,5.886,5.348,5.282,4.678,4.403,3.573,0
8/1/2005,0:00,7.047,5.804,5.751,5.223,5.205,4.659,4.288,3.658,0
9/1/2005,0:00,8.192,6.43,6.362,5.843,5.782,5.203,4.925,2.871,0
10/1/2005,0:00,7.431,6.207,6.109,5.653,5.625,5.141,4.918,4.045,0
11/1/2005,0:00,6.716,5.604,5.574,4.967,4.951,4.327,3.976,2.713,0
12/1/2005,0:00,6.647,5.502,5.449,4.76,4.723,3.996,3.688,2.09,0
1/1/2006,0:00,5.853,5.059,5.013,4.406,4.396,3.78,3.366,1.962,0
2/1/2006,0:00,6.171,5.344,5.295,4.695,4.738,4.18,3.822,1.883,0
3/1/2006,0:00,6.414,5.768,5.64,5.141,5.136,4.633,4.278,2.756,0
4/1/2006,0:00,6.867,5.725,5.646,5.082,5.067,4.488,4.154,3.556,0
5/1/2006,0:00,6.509,5.725,5.653,5.069,5.089,4.524,4.144,3.264,0
6/1/2006,0:00,6.22,5.653,5.627,5.046,5.013,4.4,4.121,3.383,0
7/1/2006,0:00,6.073,5.63,5.561,5.046,5.069,4.577,4.177,3.501,0
8/1/2006,0:00,6.22,5.679,5.62,5.108,5.064,4.508,4.206,3.786,0
9/1/2006,0:00,6.332,6.01,5.945,5.427,5.435,4.925,4.56,3.661,0
10/1/2006,0:00,8.517,6.306,6.257,5.689,5.727,5.197,4.803,3.422,0
11/1/2006,0:00,7.011,5.768,5.659,5.167,5.121,4.583,4.186,2.293,0
12/1/2006,0:00,6.404,5.607,5.446,4.869,4.798,4.15,3.816,1.913,0
1/1/2007,0:00,6.827,5.709,5.581,5.052,5.041,4.501,4.003,2.818,0
2/1/2007,0:00,6.47,5.459,5.335,4.81,4.826,4.318,3.917,2.47,0
3/1/2007,0:00,6.375,5.679,5.614,5.138,5.135,4.656,4.281,3.622,0
4/1/2007,0:00,6.598,6.001,5.883,5.43,5.394,4.905,4.587,2.953,0
5/1/2007,0:00,7.116,6.362,6.293,5.771,5.712,5.131,4.872,3.717,0
6/1/2007,0:00,6.87,6.145,6.089,5.505,5.459,4.829,4.531,3.52,0
7/1/2007,0:00,6.555,5.925,5.899,5.315,5.294,4.688,4.386,3.396,0
8/1/2007,0:00,6.883,6.093,6.043,5.531,5.512,4.98,4.705,3.632,0
9/1/2007,0:00,7.267,6.375,6.348,5.83,5.855,5.361,4.99,4.14,0
10/1/2007,0:00,7.516,6.522,6.424,5.948,5.838,5.253,5.039,2.989,0
11/1/2007,0:00,7.421,5.971,5.965,5.358,5.39,4.816,4.446,2.717,0
12/1/2007,0:00,6.381,5.62,5.548,4.954,4.97,4.393,4.012,1.736,0
1/1/2008,0:00,6.883,5.86,5.774,5.194,5.197,4.619,4.219,2.283,0
2/1/2008,0:00,6.572,5.587,5.548,4.961,4.975,4.403,3.98,2.612,0
3/1/2008,0:00,7.08,5.666,5.531,4.957,4.948,4.364,4.039,1.657,0
4/1/2008,0:00,7.133,5.981,5.896,5.364,5.326,4.757,4.531,3.176,0
5/1/2008,0:00,7.021,6.178,6.138,5.584,5.604,5.069,4.646,3.688,0
6/1/2008,0:00,6.903,6.07,6.033,5.44,5.366,4.698,4.455,3.612,0
7/1/2008,0:00,6.795,6.004,6.02,5.394,5.428,4.836,4.446,3.55,0
8/1/2008,0:00,6.194,5.62,5.6,5.02,5.079,4.557,4.081,3.081,0
10/1/2008,0:00,7.169,6.404,6.394,5.876,5.851,5.308,5.043,4.072,0
11/1/2008,0:00,7.031,5.994,5.997,5.377,5.389,4.78,4.446,2.543,0
12/1/2008,0:00,6.568,5.571,5.472,4.902,4.874,4.275,3.953,1.198,0
1/1/2009,0:00,5.823,5.21,5.18,4.596,4.654,4.127,3.655,2.119,0
2/1/2009,0:00,6.365,5.577,5.499,4.951,4.97,4.442,4.019,3.091,0
3/1/2009,0:00,6.86,5.692,5.656,5.095,5.12,4.583,4.131,2.313,0
4/1/2009,0:00,7.877,5.84,5.692,5.18,5.087,4.482,4.232,2.858,0
5/1/2009,0:00,6.837,6.119,6.096,5.535,5.54,4.984,4.708,3.967,0
6/1/2009,0:00,6.532,6.043,5.968,5.43,5.346,4.724,4.557,3.885,0
7/1/2009,0:00,6.417,5.863,5.81,5.295,5.236,4.662,4.403,3.773,0
8/1/2009,0:00,6.686,6.132,6.112,5.617,5.602,5.092,4.787,4.045,0
9/1/2009,0:00,7.215,6.549,6.47,6.037,6.014,5.558,5.272,4.665,0
10/1/2009,0:00,7.726,6.637,6.558,6.083,6.056,5.554,5.292,4.403,0
11/1/2009,0:00,7.9,6.539,6.43,5.935,5.815,5.2,5.033,3.235,0
12/1/2009,0:00,7.592,6.243,6.178,5.541,5.563,4.948,4.541,2.313,0
1/1/2010,0:00,7.251,5.751,5.607,5.059,4.998,4.39,4.098,2.572,0
2/1/2010,0:00,7.257,5.853,5.705,5.174,5.123,4.541,4.281,2.972,0
3/1/2010,0:00,6.463,5.364,5.246,4.777,4.767,4.288,3.921,1.411,0
4/1/2010,0:00,6.959,5.942,5.843,5.384,5.305,4.767,4.531,3.389,0
5/1/2010,0:00,6.9,6.168,6.093,5.577,5.538,4.984,4.701,3.963,0
6/1/2010,0:00,7.628,6.188,6.102,5.617,5.504,4.905,4.711,4.226,0
7/1/2010,0:00,8.127,6.542,6.427,6.017,5.846,5.266,5.194,4.104,0
8/1/2010,0:00,6.726,6.073,6.056,5.558,5.573,5.089,4.754,4.058,0
9/1/2010,0:00,7.664,6.818,6.778,6.289,6.283,5.787,5.489,4.386,0
10/1/2010,0:00,6.558,6.053,5.994,5.505,5.469,4.944,4.669,3.937,0
11/1/2010,0:00,6.752,6.01,5.906,5.423,5.312,4.718,4.531,3.451,0
12/1/2010,0:00,6.401,5.545,5.446,4.872,4.846,4.245,3.852,2.605,0
1/1/2011,0:00,6.854,5.433,5.387,4.78,4.811,4.236,3.809,2.881,0
2/1/2011,0:00,5.85,5.23,5.151,4.629,4.639,4.127,3.734,2.674,0
3/1/2011,0:00,6.368,5.755,5.673,5.167,5.174,4.675,4.35,3.448,0
4/1/2011,0:00,6.9,6.001,5.896,5.41,5.395,4.895,4.616,3.402,0
5/1/2011,0:00,6.978,6.145,6.056,5.571,5.5,4.944,4.692,3.78,0
6/1/2011,0:00,6.503,6.083,6.017,5.43,5.346,4.675,4.478,3.491,0
7/1/2011,0:00,6.621,5.902,5.869,5.325,5.335,4.8,4.409,3.691,0
8/1/2011,0:00,6.073,5.719,5.653,5.187,5.174,4.695,4.383,3.76,0
9/1/2011,0:00,7.297,5.899,5.856,5.341,5.392,4.928,4.544,2.999,0
10/1/2011,0:00,7.392,6.112,6.053,5.561,5.553,5.052,4.652,3.294,0
11/1/2011,0:00,6.798,6.063,5.879,5.407,5.371,4.862,4.514,2.457,0
12/1/2011,0:00,6.713,5.988,5.892,5.381,5.417,4.941,4.498,2.769,0
1/1/2012,0:00,6.355,5.522,5.505,4.918,4.951,4.396,3.927,2.221,0
2/1/2012,0:00,6.824,5.856,5.784,5.308,5.259,4.734,4.432,3.084,0
3/1/2012,0:00,7.29,6.099,6.066,5.538,5.571,5.075,4.747,3.661,0
4/1/2012,0:00,7.228,6.207,6.171,5.659,5.699,5.226,4.859,4.131,0
5/1/2012,0:00,7.018,6.096,5.994,5.535,5.489,4.984,4.688,3.73,0
6/1/2012,0:00,7.185,6.434,6.381,5.863,5.874,5.367,4.977,3.724,0
7/1/2012,0:00,6.959,6.125,6.096,5.528,5.518,4.941,4.613,4.006,0
8/1/2012,0:00,6.644,6.047,5.958,5.492,5.461,4.964,4.678,3.32,0
9/1/2012,0:00,6.818,6.224,6.171,5.732,5.733,5.295,5.023,4.35,0
10/1/2012,0:00,6.804,6.148,6.05,5.574,5.55,5.049,4.793,3.422,0
11/1/2012,0:00,7.054,6.106,6.063,5.525,5.551,5.039,4.626,3.743,0
12/1/2012,0:00,6.394,5.784,5.62,5.141,5.072,4.524,4.19,2.136,0
1/1/2013,0:00,7.146,5.686,5.614,5.092,5.102,4.59,4.17,3.451,0
2/1/2013,0:00,6.818,5.833,5.663,5.207,5.164,4.665,4.38,2.48,0
3/1/2013,0:00,6.588,5.663,5.617,5.135,5.164,4.711,4.295,2.713,0
4/1/2013,0:00,7.014,6.28,6.112,5.617,5.615,5.118,4.8,3.645,0
5/1/2013,0:00,6.9,6.125,6.03,5.522,5.453,4.875,4.708,3.235,0
6/1/2013,0:00,6.66,5.951,5.906,5.344,5.371,4.836,4.393,3.543,0
7/1/2013,0:00,6.729,6.03,5.965,5.482,5.459,4.954,4.639,3.907,0
8/1/2013,0:00,6.726,6.063,6.07,5.531,5.573,5.075,4.728,3.835,0
9/1/2013,0:00,7.188,6.496,6.43,6.001,5.969,5.509,5.243,4.757,0
10/1/2013,0:00,7.195,6.483,6.437,5.997,6.012,5.587,5.302,4.606,0
11/1/2013,0:00,7.421,6.391,6.381,5.899,5.868,5.354,5.066,3.625,0
12/1/2013,0:00,6.591,5.837,5.728,5.223,5.253,4.777,4.301,2.976,0
1/1/2014,0:00,6.22,5.548,5.469,4.905,4.879,4.288,3.904,2.703,0
2/1/2014,0:00,6.207,5.604,5.538,5.062,5.039,4.541,4.239,3.593,0
3/1/2014,0:00,6.906,5.725,5.696,5.207,5.258,4.82,4.429,3.747,0
4/1/2014,0:00,7.005,6.017,5.886,5.433,5.433,4.98,4.633,3.163,0
5/1/2014,0:00,7.306,6.207,6.135,5.561,5.6,5.066,4.708,3.245,0
6/1/2014,0:00,6.916,6.27,6.181,5.679,5.679,5.177,4.829,3.93,0
7/1/2014,0:00,6.102,5.732,5.676,5.184,5.202,4.728,4.396,3.786,0
8/1/2014,0:00,6.965,5.971,5.919,5.456,5.487,5.056,4.718,3.816,0
9/1/2014,0:00,7.021,6.562,6.49,6.073,6.055,5.62,5.348,4.629,0
10/1/2014,0:00,6.913,6.263,6.175,5.758,5.741,5.308,4.99,3.553,0
11/1/2014,0:00,7.182,6.083,6.014,5.535,5.577,5.141,4.767,3.806,0
12/1/2014,0:00,6.585,6.014,5.922,5.469,5.436,4.951,4.656,2.933,0
1/1/2015,0:00,6.621,5.636,5.558,5.056,5.046,4.534,4.18,3.271,0
2/1/2015,0:00,6.552,5.764,5.669,5.19,5.2,4.731,4.386,3.36,0
3/1/2015,0:00,6.407,5.6,5.538,5.121,5.102,4.665,4.409,3.491,0
4/1/2015,0:00,6.959,6.119,6.033,5.594,5.599,5.164,4.915,4.049,0
5/1/2015,0:00,7.123,6.552,6.437,5.988,5.93,5.423,5.197,4.341,0
6/1/2015,0:00,8.212,6.316,6.296,5.709,5.666,5.036,4.892,3.94,0
7/1/2015,0:00,6.46,5.945,5.932,5.39,5.384,4.836,4.521,3.202,0
8/1/2015,0:00,6.555,6.119,6.063,5.617,5.646,5.23,4.823,4.16,0
9/1/2015,0:00,7.431,6.516,6.506,6.06,6.081,5.656,5.335,4.413,0
10/1/2015,0:00,8.241,6.831,6.719,6.302,6.266,5.814,5.518,3.34,0
11/1/2015,0:00,7.484,6.844,6.785,6.348,6.28,5.774,5.571,4.718,0
12/1/2015,0:00,7.877,6.601,6.434,5.991,5.933,5.433,5.171,3.51,0
1/1/2016,0:00,7.451,6.26,6.043,5.627,5.502,4.961,4.816,2.123,0
2/1/2016,0:00,6.683,5.82,5.64,5.194,5.141,4.642,4.4,1.959,0
3/1/2016,0:00,7.507,6.325,6.276,5.784,5.794,5.312,4.997,3.911,0
4/1/2016,0:00,8.051,6.729,6.624,6.211,6.179,5.735,5.476,4.4,0
5/1/2016,0:00,7.982,6.778,6.699,6.211,6.219,5.738,5.472,4.665,0
6/1/2016,0:00,7.228,6.496,6.421,5.958,5.924,5.427,5.144,4.367,0
7/1/2016,0:00,6.719,6.253,6.188,5.686,5.638,5.089,4.829,3.996,0
8/1/2016,0:00,7.362,6.457,6.417,5.984,6.017,5.617,5.203,4.459,0
9/1/2016,0:00,7.408,6.824,6.749,6.378,6.335,5.922,5.673,4.961,0
10/1/2016,0:00,7.329,6.877,6.814,6.404,6.391,5.968,5.732,5.325,0
11/1/2016,0:00,7.451,6.818,6.749,6.273,6.217,5.686,5.482,4.357,0
12/1/2016,0:00,8.136,6.48,6.411,5.869,5.914,5.417,5.033,3.967,0
1/1/2017,0:00,6.814,6.083,5.938,5.436,5.404,4.869,4.61,2.06,0
2/1/2017,0:00,6.542,5.919,5.869,5.407,5.422,4.974,4.636,3.668,0
3/1/2017,0:00,7.313,6.26,6.227,5.722,5.774,5.322,4.977,4.334,0
4/1/2017,0:00,7.703,6.45,6.319,5.932,5.897,5.476,5.226,3.901,0
5/1/2017,0:00,7.408,6.371,6.247,5.748,5.735,5.223,4.918,3.789,0
6/1/2017,0:00,8.363,6.722,6.65,6.125,6.102,5.554,5.308,4.547,0
7/1/2017,0:00,6.368,6.093,6.03,5.558,5.53,5.03,4.744,4.039,0
8/1/2017,0:00,8.392,6.631,6.512,6.063,6.007,5.502,5.276,4.147,0
9/1/2017,0:00,7.192,6.631,6.578,6.161,6.125,5.673,5.459,4.518,0
10/1/2017,0:00,8.068,7.06,7.077,6.552,6.609,6.142,5.879,4.449,0
11/1/2017,0:00,6.975,6.48,6.427,5.955,5.989,5.551,5.217,4.403,0
12/1/2017,0:00,7.264,6.033,5.935,5.443,5.385,4.836,4.518,3.734,0
1/1/2018,0:00,6.486,5.643,5.436,4.98,4.865,4.295,3.993,2.32,0
2/1/2018,0:00,6.69,6.063,5.965,5.528,5.489,5.013,4.734,3.645,0
3/1/2018,0:00,7.113,6.224,6.198,5.705,5.748,5.299,4.964,3.967,0
4/1/2018,0:00,7.306,6.257,6.102,5.686,5.622,5.141,4.892,3.537,0
5/1/2018,0:00,6.706,6.25,6.204,5.682,5.697,5.19,4.869,3.973,0
6/1/2018,0:00,7.29,6.181,6.125,5.574,5.605,5.085,4.705,3.934,0
7/1/2018,0:00,6.535,6.007,5.965,5.407,5.377,4.79,4.537,3.563,0
8/1/2018,0:00,6.834,6.325,6.299,5.863,5.873,5.446,5.138,4.367,0
9/1/2018,0:00,7.346,6.762,6.742,6.293,6.304,5.866,5.554,4.806,0
10/1/2018,0:00,8.225,7.139,7.159,6.614,6.627,6.096,5.804,4.334,0
11/1/2018,0:00,7.562,6.378,6.293,5.758,5.768,5.243,4.954,3.268,0
12/1/2018,0:00,7.707,6.26,6.214,5.554,5.651,5.089,4.701,1.568,0
1/1/2019,0:00,7.057,5.997,5.883,5.364,5.284,4.685,4.475,1.811,0
2/1/2019,0:00,7.615,6.424,6.342,5.906,5.897,5.453,5.108,4.199,0
3/1/2019,0:00,7.293,6.368,6.276,5.797,5.768,5.259,4.997,4.154,0
4/1/2019,0:00,7.513,6.398,6.289,5.833,5.817,5.344,5.049,3.107,0
5/1/2019,0:00,8.028,7.014,6.926,6.45,6.432,5.938,5.689,4.836,0
6/1/2019,0:00,7.838,6.657,6.578,6.001,5.928,5.279,5.112,4.534,0
7/1/2019,0:00,7.037,6.549,6.496,5.961,5.832,5.167,5.046,4.032,0
8/1/2019,0:00,6.654,6.273,6.243,5.738,5.746,5.249,4.879,4.327,0
9/1/2019,0:00,7.818,7.054,7.057,6.532,6.557,6.056,5.784,4.491,0
10/1/2019,0:00,7.972,7.303,7.162,6.68,6.608,6.053,5.846,3.757,0
11/1/2019,0:00,7.083,6.67,6.631,6.096,6.117,5.604,5.236,4.009,0
12/1/2019,0:00,7.083,6.096,5.997,5.515,5.468,4.938,4.656,3.383,0
1/1/2020,0:00,7.661,6.362,6.329,5.725,5.71,5.092,4.79,3.484,0
2/1/2020,0:00,6.706,5.991,5.866,5.417,5.371,4.875,4.567,3.091,0
3/1/2020,0:00,7.047,6.339,6.266,5.787,5.745,5.223,4.977,3.533,0
4/1/2020,0:00,7.943,6.834,6.739,6.25,6.234,5.728,5.453,4.518,0
5/1/2020,0:00,7.822,6.699,6.562,6.079,6.035,5.509,5.249,4.147,0
6/1/2020,0:00,7.805,6.781,6.726,6.198,6.134,5.541,5.338,4.475,0
7/1/2020,0:00,8.189,6.49,6.529,5.899,5.892,5.256,5.01,4.196,0
8/1/2020,0:00,9.587,6.512,6.542,5.932,5.983,5.423,5.02,4.052,0
9/1/2020,0:00,9.475,7.29,7.172,6.719,6.645,6.119,5.988,5.046,0
10/1/2020,0:00,8.245,6.936,6.729,6.378,6.253,5.778,5.63,3.97,0
11/1/2020,0:00,7.543,6.909,6.788,6.276,6.209,5.63,5.42,2.51,0
12/1/2020,0:00,8.1,6.033,5.899,5.351,5.295,4.692,4.38,2.612,0
1/1/2021,0:00,6.949,5.833,5.748,5.138,5.098,4.449,4.14,2.5,0
2/1/2021,0:00,6.991,5.974,5.932,5.384,5.354,4.777,4.452,3.343,0
3/1/2021,0:00,7.884,6.339,6.217,5.814,5.769,5.322,5.016,3.32,0
4/1/2021,0:00,8.327,6.781,6.693,6.175,6.147,5.6,5.318,4.199,0
5/1/2021,0:00,8.219,6.896,6.867,6.257,6.235,5.604,5.308,3.937,0
6/1/2021,0:00,7.385,6.703,6.644,6.076,5.984,5.325,5.19,4.226,0
7/1/2021,0:00,7.234,6.312,6.257,5.755,5.705,5.154,4.918,3.75,0
8/1/2021,0:00,7.444,6.453,6.381,5.925,5.832,5.282,5.072,4.236,0
9/1/2021,0:00,8.904,6.732,6.634,6.145,6.02,5.407,5.266,4.698,0
10/1/2021,0:00,7.93,6.864,6.736,6.27,6.193,5.65,5.43,2.648,0
11/1/2021,0:00,7.339,6.634,6.535,6.079,5.997,5.459,5.236,4.324,0
12/1/2021,0:00,6.952,6.411,6.398,5.833,5.732,5.066,4.849,4.134,0
1/1/2022,0:00,6.932,6.05,5.928,5.361,5.3,4.672,4.36,1.778,0
2/1/2022,0:00,7.11,6.175,6.099,5.531,5.5,4.902,4.642,3.153,0
3/1/2022,0:00,7.602,6.168,6.063,5.515,5.52,4.977,4.652,3.068,0
4/1/2022,0:00,7.428,6.608,6.575,5.994,6.009,5.443,5.203,3.451,0
5/1/2022,0:00,7.142,6.509,6.46,5.869,5.779,5.098,4.954,3.865,0
6/1/2022,0:00,6.883,6.243,6.188,5.587,5.492,4.797,4.626,3.566,0
7/1/2022,0:00,6.631,6.161,6.112,5.571,5.441,4.77,4.639,3.707,0
8/1/2022,0:00,6.969,6.444,6.411,5.899,5.897,5.384,5.089,4.419,0
9/1/2022,0:00,7.362,6.847,6.791,6.299,6.255,5.719,5.449,4.577,0
10/1/2022,0:00,8.15,6.716,6.686,6.106,6.058,5.43,5.18,4.275,0
11/1/2022,0:00,7.959,6.811,6.752,6.125,6.168,5.584,5.243,3.799,0
12/1/2022,0:00,7.933,6.624,6.568,5.968,5.924,5.279,5.049,2.316,0
1/1/2023,0:00,7.94,6.444,6.325,5.764,5.655,4.984,4.79,3.563,0
2/1/2023,0:00,6.667,6.155,6.132,5.522,5.515,4.898,4.623,3.058,0
3/1/2023,0:00,7.375,6.647,6.519,5.994,5.95,5.381,5.072,4.144,0
4/1/2023,0:00,7.313,6.814,6.68,6.207,6.106,5.531,5.315,4.386,0
5/1/2023,0:00,7.316,6.644,6.516,6.056,5.947,5.377,5.262,4.311,0
6/1/2023,0:00,7.336,6.558,6.506,5.886,5.761,5.016,4.908,4.213,0
7/1/2023,0:00,6.736,6.26,6.227,5.627,5.476,4.724,4.639,4.117,0
8/1/2023,0:00,7.713,6.306,6.263,5.709,5.623,4.984,4.764,3.993,0
9/1/2023,0:00,7.687,6.742,6.68,6.171,6.143,5.607,5.341,4.816,0
10/1/2023,0:00,8.31,7.126,7.06,6.522,6.535,6.01,5.679,4.144,0
11/1/2023,0:00,7.835,6.736,6.637,6.152,6.03,5.423,5.233,3.894,0
12/1/2023,0:00,8.081,6.499,6.483,5.823,5.686,4.888,4.829,3.041,0
1/1/2024,0:00,7.864,6.024,5.817,5.325,5.225,4.633,4.373,2.762,0
2/1/2024,0:00,6.811,5.915,5.902,5.325,5.335,4.767,4.383,3.32,0
